simisakot,सिमिसाकोट
ekdivasi,एकदिवसी
suchnenusarach,सूचनेनुसारच
monserrate,मोन्सेरात
sleeter,स्लीटर
injinache,इंजिनाचे
halliscoop,हैलिस्कूप
hitaisiyon,हितैसियों
jalashraya,जलाश्रय
royapettah,रोयापेट्टाह
prabandhasamiti,प्रबन्धसमिति
marningstar,मार्निंगस्टार
wastunishthata,वस्तुनिष्ठता
barichand,बारीचंद
nirdeshanche,निर्देशांचे
venkal,वैंकल
chholewaale,छोलेवाले
khatuwale,खाटूवाले
jinora,जिनोरा
gods,गॉड्स्
directionally,डायरेक्शनल
musalmanparast,मुसलमानपरस्त
accrement,एक्रीमेंट
siriramulu,सिरिरामुलु
rudrabhishek,रूद्राभिषेक
bariyatu,बरियातु
nivetan,निवेतन
muraleedharan,मुरलीधरण
purandeswari,पुरन्देस्वरी
shivnandi,शिवनंदी
buraaiyaan,बुराईयाँ
taklekin,तकलेकिन
chaikhambha,चैखम्भा
dilaataa,दिलाता
keevan,कीवन
prabhatranjan,प्रभातरंजन
madhuvantoli,मधुवनटोली
anusandhanpatra,अनुसंधानपत्र
crafford,क्राफोर्ड
jaunsar,जौनसार
constallation,कॉन्स्टेलेशन
neelapan,नीलापन
mannaane,मन्नाने
sabhagrihanetapad,सभागृहनेतापद
cpib,सीपीआईबी
acasmic,अकास्मिक
bishth,बिष्ठ
inoprom,इनोप्रोम
byavasayik,ब्यावसायिक
kalyunda,कलयुंडा
devkant,देवकान्त
balhama,बल्हमा
kaunhara,कोनहारा
rotha,रोथा
rajaswa,राजस्वा
abhautikta,अभौतिकता
warnapura,वर्णापरा
yeshvantapur,यशवंतपुर
dhaukalpur,धौकलपुर
raghaldar,रघालदार
shesar,शेसर
pisisi,पिसिसी
jasmal,जसमल
shakurpur,शकूरपुर
paduram,पदुराम
ntya,ऩत्य
aupnivesik,औपनिवेसिक
katarvyont,कतरव्योंत
vyavasthaah,व्यवस्थाः
rambhajadatta,रामभजदत्त
guptanvaratri,गुप्तनवरात्री
pahuunchaayegi,पहूँचायेगी
upbndh,उपबन्ध
vayuvegse,वायुवेगसे
kalkuhi,कलकुही
vishaypriya,विषयप्रिय
sarlamma,सरलाम्मा
medti,मेड़ती
fadnisancha,फडणीसांचा
banawaayaa,बनवाया
hariomcare,हरिओमकेयर
aupchaarikarup,औपचारिकरूप
aakrutiyaan,आकृतियां
karmaphalhetu,कर्मफलहेतु
malabar,मालाबारी
chaalmugarik,चालमुगरिक
turbonate,टर्बोनेट
sardarin,सरदारिन
tetanus,टिटेनस
puranke,पुरनके
adhisheshon,अधिशेषों
michele,मशेल
vyaktinshi,व्यक्तिंशी
mandirkarmiyon,मंदिरकर्मियों
ghooran,घूरन
swatantryache,स्वातंत्र्याचे
sanghtan,संघटन
chauga,चौगा
hatosahit,हतोसहित
sequeira,सिकेरा
karmsanyas,कर्मसंन्यास
maltage,माल्टेज
shethla,शेथला
dud,डड
jamun,जमुन
koodalmanikyam,कूदाल्मानिक्यम
fluorinated,फ्लूरीनेटेड
tirur,तिरुर
kshamaadevi,क्षमादेवी
etiyad,एतियाद
scali,स्कैली
ngidi,नजीडी
kudumbavilakku,कुदुम्बविलक्कू
swaamijee,स्वामीजी
backway,बैकवे
heliskiing,हैलीस्कीइंग
pramilaraje,प्रमिलाराजे
mouthwashes,माउथवॉश
padarathpur,पदारथपुर
dehshoshan,देहशोषण
borodine,बोरोडिन
bandaramadhye,बंदरामध्ये
ishwarnishtha,ईश्वरनिष्ठा
corruption,क्रप्शन
rogier,रोजर
formfresh,फार्मफ्रेश
anpatwadi,अनपटवाडी
lautanewali,लौटानेवाली
sarkanda,सरकंडा
museum,म्यूजियम
kunkwachi,कुंकवाची
analment,एनलमेंट
falcons,फालकन
veshyaayen,वेश्यायें
uddhav,उद्वव
ananyabhakt,अनन्यभक्त
sogave,सोगवे
prapanjan,परापंजन
bajranggarh,बजरंगगढ़
izzy,इज़ी
saundari,सौंदरी
fairchild,फेयरचाइल्ड
samudramahal,समुद्रमहल
huayuan,हुआयुआन
kalpantar,कल्पान्तर
kerjriwal,केरजरीवाल
saeek,सईक
hoemke,होएम्के
sadashe,सदशे
geldman,गेल्डमैन
laapiye,लापिए
prophylaxis,प्रोफीलैक्सिस
dehavshesh,देहावशेष
rohilon,रोहिलों
dorman,डॉर्मन
tangalon,टंगलों
shammil,शम्मिल
churri,चुर्री
globax,ग्लोबैक्स
jdsne,जेडीएसने
juneja,जूनेजा
krishnayajurved,कृष्णयजुर्वेद
allol,अल्लोल
reconnaissance,रिकनैसेंस
chhaatichi,छातीची
drongo,ड्रॉन्गो
gatbajichahi,गटबाजीचाही
vadodkar,वडोड़कर
rafaka,रफाका
gadkheda,गड़खेड़ा
jirakheda,जीराखेड़ा
tavenize,तावेनाइज
yonkar,योंकर
jagitial,जगितल
tarakura,ताराकुरा
gajjam,गज्जाम
exbytes,एक्सबाइट्स
kanakchampa,कनकचंपा
setjuan,सेटजुआन
itihaskaro,इतिहासकारो
karmasutra,कर्मसूत्र
janadharon,जनाधारों
ughadalyas,उघडल्यास
domasik,दोमासिक
gopibhav,गोपीभाव
opithetutis,ओपिथेट्यूटिस
raines,रेंस
alibagmadhil,अलिबागमधील
robbed,रोब्ड
prvrittiyon,प्रवृत्तियों
mahashivir,महाशिविर
utpadanashi,उत्पादनाशी
divasapurte,दिवसापुरते
paisenjarkanpur,पैसेंजरकानपुर
wail,वाइल
bhojanpremi,भोजनप्रेमी
talukder,तालुकदार
shiryabhatt,शिर्यभट्ट
haddirogon,हड्डीरोगों
aavishkarta,आविष्कर्ता
symeon,शमौन
kisumu,किसुमु
sthainik,स्थैनिक
upakakshaon,उपकक्षाओं
temsula,तेम्सुला
pahuntkar,पहुंतकर
antarikata,आंतरिकता
koralya,कोरल्या
piplonkalan,पिपलोनकलां
sokhiyaan,सोखियां
hematospermia,हेमाटोस्पर्मिया
baitaltek,बैटलटेक
birmaram,बीरमाराम
molestation,मालेस्टेशन
resoces,रिसोसेज
adharsila,अधर्शिला
ashantimulak,अशांतिमूलक
motorbus,मोटरबस
kanchanapuram,कंचनपुरम
sutrivibhajan,सूत्रीविभाजन
verangte,वेरांगटे
siegfried,सिगफ्राइड
sriprad,श्रीप्रद
sarvgras,सर्वग्रास
anugunjan,अनुगुंजन
kalpanajanya,कल्पनाजन्य
vaijantabai,वैजंताबाई
awotawad,अवोटावाद
dcbo,डीसीबीओ
bhasmasath,भस्मसाथ
shivendrarajenkadun,शिवेंद्रराजेंकडून
divyagunsampanna,दिव्यगुणसम्पन्न
karunakriti,करुणाकृति
antaryami,अन्तर्यामी
mahadalkar,महाडलकर
shreshthach,श्रेष्ठच
kshaniya,क्षणीय
gurabchan,गुरबचन
swargaanubhooti,स्वर्गानुभूति
blankett,ब्लैंकेट
rosberg,रॉसबर्ग
portent,पॉर्टेंट
synchronisation,सिंक्रोनाइज़ेशन
jawantari,जवंतरी
lianyuan,लिअनयुआन
robophilia,रोबोफीलिया
whithorn,व्हिथॉर्न
kabylie,काबिली
capacity,कैपिसिटी
sipriyani,सिप्रियानी
dhangarvasti,धनगरवस्ती
kavitashabd,कविताशब्द
bolwai,बोलवाई
chowai,चोवाई
aaraadhyasth,आराध्यस्थ
gutauri,गुटौरी
chorpahara,चोरपहरा
bindra,बिंदरा
confractionary,कन्फ्रेक्शनरी
chandobacha,चांदोबाचा
sadchintan,सदचिंतन
afzalkhan,अफजलखान
hiyato,हियातो
melela,मेलेला
janatechyadrishtine,जनतेच्यादृष्टीने
prasannabai,प्रसन्नबाई
bhaggoo,भग्गू
gajadharganj,गजाधरगंज
melodramatic,मेलॉड्रैमेटिक
samaru,समारु
morello,मोरेलो
bamrauli,बामरौली
kshaata,क्षाता
kimatipasoon,किमतीपासून
mughalsarai,मुगलसरांय
gwyneth,ग्विनेथ
bhadkoli,भड़कोली
consistency,कन्सिस्टेंसी
redahat,रेडाहट
deeghkaaleen,दीघकालीन
bhupa,भूपा
karwaeng,करवाएंग
saanya,साँय
anekvaad,अनेकवाद
kanyajanma,कन्याजन्म
aninda,अनिंदा
badlansathi,बदलांसाठी
parpanjab,परपंजाब
bhedchaali,भेड़चाली
jhelanyaachi,झेलण्याची
tmcf,टीएमसीएफ
canith,कैनिथ
sutapasoon,सुतापासून
najimabad,नाजीमाबाद
galle,गैली
arunal,अरुणाल
scste,एससीएसटीई
echc,ईसीएचसी
salmonids,सैल्मोनाइड्स
sahim,साहिम
naamanjhoor,नामंज़ूर
oshawa,ओशावा
sectorchya,सेक्टरच्या
phenkakara,फेंककर
balogun,बालोगुन
likabali,लिकाबली
santapak,संतापक
kabao,कबाओ
bhoomihinach,भूमिहीनच
hry,होरयु
mazdooron,मजदूरों
khamparia,खम्पारिया
sumaris,सुमरिस
developers,डेवल्पर्स
upalabdhiyen,उपलब्धियें
petradox,पेट्राडोक्स
jueraau,जुएराऊ
rambanon,रामबाणों
ratnakant,रत्नकांत
droll,ड्रॉल
hameeda,हमीदा
pitti,पित्ति
shankarmay,शंकरमय
sukhsamagri,सुखसामग्री
haristova,हरिस्तोवा
rangsamy,रंगसामी
vadilarjit,वडिलार्जित
matinul,मतीनुल
hyperglycaemia,हापरग्लाइसेमीआ
lagarde,लागार्ड
naranpura,नारानपुरा
superieure,सुपिरियर
aplikesh,अप्लीकेश
anukuljalavayu,अनुकुलजलवायु
samona,समोना
jhanjhodti,झंझोड़ती
ajgandheshwar,अजगंधेश्वर
moghkarma,मोघकर्मा
nawawi,नवावी
digigraph,डिजिग्राफ
rotatory,रोटेटरी
khirkade,खिरकाडे
okville,ओकविले
fuad,फुआद
ityaayadi,इत्यायदि
sujhayaa,सुझाया
rahoogi,रहूगी
failaanon,फैलानों
aubameyang,औबामेयांग
remolina,रेमोलिना
padhansh,पधांश
shivshahir,शिवशाहीर
bahirji,बहिर्जी
antigon,एंटीगॉन
prakkalpna,प्राक्कल्पना
burah,बुरह
bahalega,बहलेगा
sncu,एसएनसीयू
sangeetmay,संगीतमय
ctc,सीटीसी
gagdekar,गागडेकर
namankanpatra,नामांकनपत्र
ritish,रितीश
dottend,डॉटेंड
kekaran,केकारण
rolanambar,रोलनंबर
philan,फिलन
puchakkoru,पूचक्कोरू
lmv,एलएमवी
bontu,बोंटू
hichakaten,हिचकतें
cannavaro,केनवारो
shivananda,शिवानन्द
kolanpara,कोलानपारा
sdco,एसडीसीओ
ordnance,आर्डिंनेंस
ahergua,अहरगुआ
khida,खिड़ा
aghadipaiki,आघाडीपैकी
ubhayahetu,उभयहेतु
dishit,दिशित
kwingdao,क्विंगडाओ
aquanet,एक्वानेट
frontman,फ्रंटमैन
larive,लारिवे
bestway,बेस्टवे
livingstone,लिविंगस्टोन
chulchuli,चुलचुली
malmattadharkankade,मालमत्ताधारकांकडे
bundesliga,बुंडेसलीगा
jahania,जहानिया
jhontwada,झोंटवाड़ा
stalite,स्टैलाइट
alacant,एलीकेंट
bahumukhta,बहुमुखता
manidweep,मणिद्वीप
chatto,चट्टो
ferpariksheche,फेरपरीक्षेचे
punarasu,पुनरसु
aadari,आइरी
bathkar,बठकर
banwarinagar,बनवारीनगर
asmitesathi,अस्मितेसाठी
brijeshwari,ब्रिजेश्वरी
bevaan,बेवां
washanjon,वशंजों
mignan,मिगनान
sanchanalay,संचालय
gharanyala,घराण्याला
jokchandra,जोकचंद्र
markande,मार्कांडे
lusingani,लुसिंगनी
ujma,उजमा
pspl,पीएसपीएल
byname,बायनेम
rutparna,रुतपर्णा
quenoa,क्यूनोआ
chheentdar,छींटदार
chhakaai,छकाई
molya,मोल्या
kukigam,कुकीगाम
isophome,आइसोफोम
muqaddas,मुकद्दस
parazeevi,परजीवी
kasbawasiyon,कस्बवासियों
matdarsanghansathi,मतदारसंघांसाठी
anungla,अनुनगुला
ratiti,रतिति
samaavajavaadi,समावजवादी
shyamsunderdas,श्यामसुन्दरदास
nasum,नसुम
dfrlab,डीएफआरलैब
nishio,निशिओ
extrode,एक्सट्रोड
hartog,हार्टोग
pasturikaran,पास्तुरीकरण
gaganchar,गगनचर
fahrane,फहराने
halorussia,हालोरुसिया
tiranga,तिरंगा
genile,जेनाइल
anoplura,एनोप्लूरा
lagvaayega,लगवाएगा
siarani,सियारानी
legit,लेगिट
presentet,प्रेजेंटेट
kuposhan,कुपोषण
lathaad,लथाड़
shairgah,शैरगाह
margadarshanach,मार्गदर्शनच
sasurian,ससुररिआँ
vaayudev,वायुदेव
marwadiyon,मारवाडियों
contestain,कंटेस्टेन
satyaputra,सत्यपुत्र
barislav,बारिस्लाव
sayanath,सायनाथ
shrikrishnajiki,श्रीकृष्णजीकी
sholgara,शोलगारा
prithakkaranasathi,पृथक्करणासाठी
vajane,वजने
vriddhadaru,वृद्धदारु
dhamuguruon,धमुगुरुओं
lahuriyadah,लहुरियादह
vidyarao,विद्याराव
hohain,होहैं
annibook,एनीबुक
decentralize,डिसेंट्रालाइज
adishree,आदिश्री
bavjahud,बावजहूद
immaculate,इम्मेक्यूलेट
mopet,मोपेट
anastagel,एनास्टागेल
manasooba,मनसूबा
anjumanon,अन्जुमनों
kianush,कियानुश
madhyavritti,मध्यवृत्ति
mooldharana,मूलधारणा
kuankonda,कुआंकोण्डा
isnigdha,इस्निग्धा
khanapurcha,खानापूरचा
vataran,वतरण
syadri,स्याद्री
moropant,मोरोपांत
hansani,हंसनी
carmody,कारमोडी
berenzeno,बेरेनजेनो
slipway,स्लिपवे
kulariyaan,कुलरियां
mirzaapuri,मिर्ज़ापुरी
chorla,चोर्ला
pareekshakta,परीक्षकता
dindila,दिंडीला
vichailiyon,विचैलियों
herambh,हेरंभ
kinshasa,किनशासा
khajindarpadasathi,खजिनदारपदासाठी
uthirapati,उथिरापति
sahityikannahi,साहित्यिकांनाही
sevanivritti,सेवनिवृत्ति
agua,आगा
jabmere,जबमेरे
mithyaroop,मिथ्यारूप
ramanathan,रमानाथन
unibody,युनिबॉडी
dudh,दुध
parthcy,पार्थक्य
inheim,इन्हीम
sritularam,श्रीतुलाराम
jyaaj,ज्याज
talsildar,तलसीलदार
rasidkar,रसीदकर
udgambhasha,उद्गमभाषा
damako,दमको
unicorporated,यूनिकॉरपोरेटेड
texturing,टेक्स्चरिंग
sthaavaron,स्थावरों
chamrail,चामराइल
urpaa,अरपा
usekhas,उसेखास
kodpakal,कोडपाकल
kaluwitharana,कालूवितरने
luing,लुइंग
praveshpur,प्रवेशपुर
satahattarven,सतहत्तरवें
prashasanvirodhi,प्रशासनविरोधी
mcbride,मैकब्राइड
quenture,क्वेंचर
shabdon,शब्दों
masarraten,मसर्रतें
rishtauti,रिश्तौती
hastaksharan,हस्ताक्षरण
khamambhan,खमम्भन
mosari,मोसरी
chunaviprachar,चुनावीप्रचार
apraka,अप्रका
handicrafts,हैण्डीक्राफ्ट्स
jhaabu,झाबू
rachaata,रचाता
gadgadaataa,गड़गड़ाता
isinbayeva,इसिन्बाएवा
underpaths,अंडरपाथों
abhijitchya,अभिजितच्या
landheke,लंढेके
vishthaapan,विष्ठापन
mercara,मिरकारा
solvation,साल्वेशन
microsec,माइक्रोसेक
cashflow,कैशफ्लो
religion,रिलिजन
matana,मटन
violence,वॉयलेंस
lahange,लहंगे
dakhalyavaril,दाखल्यावरील
janudi,जानुडी
asaamajiq,असामाजिक
ubicutin,यूबीक्यूटिन
nigraaniyaan,निगरानियां
gitgayan,गीतगायन
khuliyo,खुलियो
gilgal,गिल्गाल
sahkaareejanon,सहकारीजनों
diver,दिवेर
bibdod,बिबडोद
degavkar,देगावकर
sutoria,सुतोरिया
pururaj,पुरुराज
vishnukarmprasiddhi,विष्णुकर्मप्रसिद्धि
sepe,सिप
thunungutla,थुनुंगुटला
aryaka,आर्यका
rahawali,रहावली
barcus,बार्कस
dhwajarohanaviruddha,ध्वजारोहणाविरुद्ध
pontevedra,पोन्टेवेड्रा
mertuary,मर्च्यूरी
interaction,इण्टरेक्शन
thalaivasal,थलाईवासल
socialization,सोशलाईजेशन
bhaagkar,भागकर
alkarma,अलकरमा
nouch,नौच
nyayalaya,न्यायालयों
vyavhrit,व्यवह्रत
nambuthalai,नंबुथलाई
anupayogit,अनुपयोगित
kindercook,किंडरकूक
sharabakbab,शराबकबाब
sukhchainnagar,सुखचैननगर
monulluropathy,मोनोन्यूरोपैथी
technepark,टेकनेपार्क
shailanand,शैलानंद
saiberiaa,साइबेरिया
ekaiyon,इकाइयों
nirdeshakon,निर्देशकों
nahinjise,नहींजिसे
nitnem,नितनेम
remington,रेमिंग्टन
vishvavidhalaya,विश्वविधालय
clementine,क्लेमेन्टीन
kivaada,किवाड़ा
dorr,डॉर
srank,स्रैंक
juriratas,जूरीरतास
jururatmandon,जुरूरतमंदों
dardiyon,दर्दियों
khambeki,खम्बेकी
sankeerntaaon,संकीर्णताओं
mackinnon,मैकिनन
thukran,ठुकरान
hotihei,होतीहै
ravva,रेवा
vorankov,वोरनकोव
travancore,त्रावाणकोर
maausingh,माऊसिंह
jaajon,जाजों
weiqi,वेइकी
arivalaya,अरिवालय
dikhaiae,दिखाइए
rosbash,रॉसबैश
chukichich,चुकीचीच
frieting,फ्राइटिंग
gladiators,ग्लैडिएटर्स
sthagana,स्थगन
jaidkhan,जैदखान
bahupedi,बहुपेडी
perije,पेरिजे
teststerran,टेस्टस्टेरन
eternal,इटर्नल
adoordarshita,अदूरदर्शिता
dekhbhaalvyaktigat,देखभालव्यक्तिगत
lintner,लिन्टनर
vrihadrathpur,वृहद्रथपुर
chukhna,चखना
transcriptase,ट्रांसक्रिप्टेज़
khutkatti,खुटकट्टी
vidgavasaniya,विद्गवसनीय
moinmoin,मोइनमोइन
gandhich,गांधीच
udyamvritti,उद्यमवृत्ति
vitastatra,वितस्तात्र
gairavyavaharacha,गैरव्यवहाराचा
mikank,मिकांक
opengovdatahack,ओपनगवडेटाहैक
bhedan,भेदन
druggist,ड्रग्गिस्ट
parar,परार
jnnp,जेएनएनपी
fleshing,फ्लेशिंग
sangathakan,संगठकन
chhotaipatti,छोटाईपट्टी
nikloi,निकलोई
distillate,डिस्टिलेट
revne,रेवने
jailesh,जैलेश
peethu,पीठू
athabaska,अथाबस्का
bahumaat,बहुमात
filing,फ़ाइलिंग
mahafi,महाफी
powai,पोवाई
bechan,बेचान
satbani,सतबानी
fdf,एफडीएफ
mridangon,मृदंगों
privy,प्रिवी
kanakamal,कनकमल
rshaa,र्शा
dja,डीजेए
meench,मींच
bachavseva,बचावसेवा
khanchoma,खांचोमा
pratihaarit,प्रतिहारित
cricetus,क्रिसेटस
hydrothorax,हाइड्रोथ्रोलेक्स
aankoonga,आंकूंगा
shidhapatrikeshi,शिधापत्रिकेशी
khidakee,खिडकी
wusis,वुसिस
kangada,कंगड़ा
iljas,इलजास
ujhunnail,उझुन्नैल
drais,ड्रेस
devkathaon,देवकथाओं
shetichya,शेतीच्या
fulsheti,फुलशेती
yoogal,यूगल
guhemadhye,गुहेमध्ये
sadprem,सद्प्रेम
ghamdi,गामड़ी
robbots,रॉबट्स
swenska,स्वेंस्का
samajhaanaa,समझाना
zairaaman,जयरामन
ladhvaayacha,लढवायचा
ignorable,इग्नोरेबल
geonusepaper,जियोन्यूजपेपर
hadakaayega,हड़काएगा
satyaprakas,सत्यप्रकास
sankriyaon,संक्रियाओं
ativardhan,अतिवर्धन
vartavaleli,वर्तवलेली
paramparao,परंपराओं
uddharvgami,उद्धर्वगामी
moyong,मोयोंग
kushmi,कुश्मी
russer,रसर
munnabav,मुन्नाबाव
harnaha,हरनाहा
yogov,योगोव
chikbare,चिकबरे
dungaa,दुँगा
governance,गवर्नस
pakadwana,पकडवाना
backroom,बैकरूम
bhariyankothi,भरियांकोठी
sameekaranon,समीकरणों
akashvanisathi,आकाशवाणीसाठी
bahyaswarup,बाह्यस्वरूप
pasquarelli,पास्क्वारेली
iaconelli,इयाकोनेल्ली
jagganath,जग्गनाथ
kumaravel,कुमारवेल
khij,खिज़
lawlat,लावलात
unche,ऊँचें
glutamatum,ग्लूटामेटम
aparibhashit,अपरिभाषित
chumbakshastri,चुंबकशास्त्री
bahudeshi,बहुदेशी
anansandhan,अनंसंधान
karnath,करनाथ
chandadkalan,चंदड़कलां
chaupa,चौपा
typewriting,टाइपराइटिंग
hariyaanaavaashiyon,हरियाणावाशियों
vidhevat,विधिवत्
mumbaikarib,मुंबईकरीब
motorsai,मोटरसाइ
tilaya,तिलापा
awivekapurna,अविवेकपूर्ण
vazquez,वाजकेज
aparihaaryatemule,अपरिहार्यतेमुळे
vargabhoomi,वर्गभूमि
kovalchuk,कोवालचुक
kushner,कुश्नेर
mahayutichach,महायुतीचाच
manmugd,मनमुग्द
rameshsingh,रमेशसिंह
manewali,मानेवाली
clodinaphope,क्लोडिनाफोप
loew,लोएव
bajuri,बजूरी
kedawat,केदावत
buddhishilon,बुद्धिशीलों
baataan,बाताँ
barchhon,बर्छों
arram,अर्राम
tna,टीएनए
brishaakaapi,बृषाकापि
rahetab,रहेतब
gunjrawala,गुंजरावाला
kundanandas,कुंदननदास
jorba,जोरबा
compulsion,कम्पल्सन
dufault,डुफाल्ट
sumitron,सुमित्रों
lachpal,लचपाल
gatiwardhan,गतिवर्द्धन
padur,पडूर
jhelvaanaa,झेलवाना
badsiwal,बड़सीवाल
muktawali,मुक्तावली
endoderm,एन्डोडर्म
krivas,क्रिवास
jangalaati,जंगलाती
chakbarti,चकबर्ती
hutton,ह्यूटन
vrih,वृह
anind,अनिंद
visitor,विजिटर
punahkootit,पुनःकूटित
vidushpat,विदुषपत
mudhubani,मुधुबनी
sheert,शीर्त
sargarme,सरगर्मे
kharadkar,खराडकर
hashisha,हशीश
kudnoorchya,कुदनूरच्या
chaukanjikchya,चौकानजीकच्या
xml,क्षमल
talashiyaan,तलाशियाँ
tarmins,टर्मिनस
junul,जुनूल
adware,एड्वेयर
gapadgaon,गपडगांव
rachankaar,रचनकार
kajoli,कजोली
milini,मिलिनी
vallabheshwar,वल्लभेश्वर
ambadiha,अम्बाडीहा
nallakannu,नल्लकन्नू
gordhanram,गोरधनराम
gharogharacha,घरोघराचा
taiyariya,तैयारीया
sankhalit,संखलित
nagosiation,नैगोसिएशन
rajmarge,राजमार्गे
hohra,होहरा
chiang,चिआंग
dhuwaria,धुवारिया
nitaigram,निताईग्राम
luniyakhedi,लूणियाखेड़ी
caesarian,सीजेरियन
obamake,ओबामाके
norilsk,नोरिल्स्क
rakhrarkhav,रखररखाव
juniac,जुनिएक
balasundaram,बालासुंदरम
brarimarg,ब्रारीमार्ग
kachuo,कछुओ
grandmaster,ग्रांडमास्टर
bhumananda,भूमानन्द
arabavaan,अरबवां
janasakvapark,जनसक्वपर्क
smarkachi,स्मारकाची
cambria,कैम्ब्रिया
mhadhmani,महाधमनी
nansikta,नानसिकता
bahadarram,बहादरराम
amosi,अमोसी
lipulek,लिपूलेक
kondayamba,कोंडयांबा
yashaasthiti,यशास्थिति
postscript,पोस्टस्क्रिप्ट
paiyan,पैंया
dontcare,डोंटकेयर
dakms,डीएकेएमएस
ahins,अहिंस
shilpadikaram,शिल्पादिकरम
duluth,डुलुथ
expeditionary,एक्सपीडिशनरी
goteborg,गोटेबोर्ग
kanale,कनाले
khajwah,खाजवाह
pradyogiki,प्राद्योगिकी
nastenka,नस्तेन्का
martabe,मर्तबे
argali,अर्गाली
simheshwarapatya,सिंहेश्वरापत्य
arthasankalpanantar,अर्थसंकल्पानंतर
mushahidullah,मुशाहिदुल्ला
fulena,फुलेना
eksal,एकसाल
kesarkari,केसरकारी
mirjepurte,मिरजेपुरते
matpreet,मतप्रीत
rajinamyachich,राजीनाम्याचीच
colloborative,कॉलोबोरेटिव
bataanejtaane,बतानेजताने
gharghumani,घरघुमनी
dhirenbhai,धीरेनभाई
titania,टाईटेनिया
hunner,हुन्नर
anthropocene,एंथ्रोपोसीन
basona,बासोना
gynaecologist,गायनकोलॉजिस्ट
overseary,ओवरसियरी
manianwala,मनियांवाला
charche,चर्चे
matsyasamvardhanasathi,मत्स्यसंवर्धनासाठी
relvebabat,रेल्वेबाबत
veshmi,वेश्मी
speyerling,स्पेयेरलिंग
pacingermathura,पैसिंजरमथुरा
chamaraj,चामराज
roseberg,रोजबर्ग
thikapatti,ठीकापट्टी
bhavua,भवुआ
apatkaleen,आपातकालीन
shirvane,शिरवणे
rajindro,राजिंद्रो
avyayibhav,अव्ययीभाव
ropanche,रोपांचे
sunavaaunga,सुनवाऊँगा
samruddhashalee,समृद्धशाली
shuddhikaranadware,शुद्धीकरणाद्वारे
skroovaala,स्क्रूवाला
khoontel,खूंटेल
wardad,वारदाद
credable,क्रेडेबल
fatakarata,फटकारता
depender,दीपेंदर
kumbhsingh,कुम्भसिंह
aparaadhiktaa,अपराधिकता
parsuraman,परसुरामन
chhamaahi,छमाही
hanipha,हनीफा
lauhamaakshik,लौहमाक्षिक
leftiment,लेफ्टिमेंट
subramayanma,सुब्रमयण्म
dhatumudra,धातुमुद्रा
bhiwa,भिवा
senaratne,सेनरत्ने
datara,दतर
ghughuli,घुघुली
khadanon,खदानों
shauna,शॉना
dhwajarohanacha,ध्वजारोहणाचा
paigambari,पैगम्बरी
hockwork,होकवर्क
gilgiti,गिलगिती
ranjati,रंजती
akashchumbi,आकाशचुंबी
nurullah,नुरूल्लाह
oostare,उस्तरे
haribhadrasoorjee,हरिभद्रसूरिजी
raoul,रौल
diuretic,डायूरेटिक
purushettam,पुरुषेत्तम
hazarala,हजाराला
raataa,राता
pamita,पामिता
darjon,दर्जों
prawit,प्रवीत
kushoda,कुशोदा
goleshwar,गोलेश्वर
prayatnala,प्रयत्नाला
ladep,लादेप
kudankalam,कुडनकलम
sanvibhag,संविभाग
pooniram,पूनीराम
kharoncha,खरोंचा
devotthapan,देवोत्थापन
vicenza,विकेंज़ा
somaaya,सोमाया
buxton,बक्सटन
darbarmrityulok,दरबारमृत्युलोक
niruparay,निरुपाराय
kirta,किरता
robotschi,रोबोट्सची
groundlevel,ग्राउंडलेवल
mulikade,मुलीकडे
khangarot,खांगराट
netua,नेटुआ
fiverer,फिवरर
tausifcha,तौसिफचा
nalidar,नलीदार
sambhaaraye,संभारये
chamaria,चमारियां
palachauri,पालाचौरी
burkha,बुर्का
simorgh,सिमोर्घ
aksharki,अक्षरकी
revolve,रिवोल्व
elizabervari,एलिजाबेरवरी
pornstars,पॉर्नस्टार्स
vinaysagar,विनयसागर
digitalization,डिजिटलाइज़ेशन
khandsara,खंडसारा
noukriyan,नौकरियाँ
dhulbhare,धूलभरे
videshmantralaya,विदेशमंत्रलय
keelawala,कीलावाला
malander,मलंदर
channelization,चैनेलाइजेशन
harmunia,हरमुनिया
himgirizi,हिमगिरीज़ी
anandadih,आनंदडीह
pantry,पैंटरी
torrens,टॉरेन्स
kesakambali,केशकंबली
chamarajanagar,चमाराजनगर
kisanopyogi,किसानोपयोगी
rusavaai,रुसवाई
guilin,गुइलिन
biman,बिमन
daarosh,दारोश
vaishyaagaman,वेश्यागमन
hulkaare,हुलकारे
burakowski,बुराकोव्स्की
terque,तेरके
rupees,रूपैयाँ
sangoshthiyan,संगोष्ठियां
vedank,वेदांग
loksankheche,लोकसंखेचे
niraanumodit,निरानुमोदित
drugged,ड्रग्ड
alfie,अल्फी
maussollos,माउसोलस
davsari,दवसारी
shakarkandee,शकरकन्दी
velidanda,वेलीदंडा
mehanga,महंगा
chaityon,चैत्यों
novelli,नोवेली
negambo,नेगम्बो
babarubhan,बबरूभान
kiloora,किलौरा
laukiki,लौकिकी
bhadrakarn,भद्रकर्ण
raibagh,रायबाग
thelne,ठेलने
girnemotorcycle,गिरनेमोटरसाइकिल
abhyaavedan,अभ्यावेदन
dakshinardh,दक्षिणार्ध
nayabaz,नयाबाज
tobia,टोबिया
oushdhiya,औषधीय
vijuval,विजुवल
venkayya,वेंकय्या
snsthaano,संस्थानो
laalchee,लालची
bharanyasah,भरण्यासह
mim,मीम
tejaswiya,तेजस्वीय
donwade,दोनवाडे
rahuk,राहुक
stadiumbhovati,स्टेडियमभोवती
kachaudiyaan,कचौड़ियाँ
acceleremeters,एक्सीलेरेमीटर्स
upgradation,उपग्रेडेशन
netrika,नेत्रिका
carnamo,कारनामो
recycle,रिसाइकल
mevada,मेवाडा
hockley,होक्ले
chinoy,चिनोय
aapaaji,आपाजी
vishnuraat,विष्णुरात
khoto,खोटो
bernady,बर्नेडी
bedpan,बैडपैन
lateram,लतेराम
dharharo,धरहरो
kaljikhal,कलजिखाल
vahavastut,वहवस्तुत
chn,छन
bhogeepoor,भोगीपुर
microcirculation,माइक्रोसर्क्युलेशन
alloft,एलॉफ्ट
agheen,अघीन
correspondent,कोरस्पोंडेंट
granthbhed,ग्रंथभेद
mastakshul,मस्तकशूल
jatki,जटकी
jaraaye,जराये
mathurasingh,मथुरासिंह
manawal,मनावल
chithira,चिथिरा
venlo,वेन्लो
lignant,लिग्नेंट
imx,आीएमएक्स
kalidaspur,कालीदासपुर
disorders,ढिसोर्डेर्स्
barahsinghe,बारहसिंघे
karambir,कर्मबीर
nirarthaktaa,निरर्थकता
shradvanjali,श्रद्वांजली
pahilauthon,पहिलौठों
tirchha,तिरछा
pores,पोरेस
misaranpurwa,मिसरनपुरवा
shedul,शेदुल
mulbut,मुलबुत
himsat,हिमसैट
centally,सेंटली
sitaramsharan,सीतारामशरण
aksharat,अक्षरत
vanpokhra,वनपोखरा
kimpurushi,किम्पुरुषी
hoodiyar,हुडियार
gronked,ग्राँक्ड
gadeer,गदीर
gumtiyan,गुमटियां
yadira,यादिरा
amasai,अमासै
murtujhaane,मुर्तुझाने
gagare,गागरे
portrait,पोर्टरेट
nordqvist,नॉर्डक्विस्ट
saisendran,सैसेन्द्रन
kashashi,कशाशी
komu,कोमू
matenance,मैटेनेंस
sattesathich,सत्तेसाठीच
ramannapet,रमन्नापेट
vayapatrak,वयपत्रक
jiangshu,जिआंग्शु
hondu,होंदु
jhalatin,झलतीं
shivkumarpur,शिवकुमारपुर
bhinusarwa,भिनुसरवा
decancian,डिकेंशियन
shig,शिग
sybtech,सिबटेक
khojiram,खोजीराम
vichardharna,विचारधारणा
vasaahateent,वसाहतींत
shasansatta,शासनसत्ता
dhanaicha,धनैचा
yugpurush,युगपुरुष
punarvaylakon,पुनर्वेलकों
eisner,आइज़्नर
sawarhokar,सवारहोकर
unmodit,उन्मोदित
abhilakhon,अभिलखों
nirudhnagar,निरुद्धनगर
upkramakon,उपक्रमकों
chandibrandra,चंडीब्रांद्रा
koshikamapi,कोशिकामापी
passager,पैसेजर
jyeshta,ज्येष्ठ
atambayev,एतामबयेव
miyase,मियासे
apaaniniya,अपाणिनीय
blanch,ब्लैंच
dahiwala,दहिवाला
rams,रैम्स
kulbadi,कुलबाड़ी
prakalpaat,प्रकल्पात
pachmangara,पचमंगारा
maanakah,मानकः
bhitthikala,भिट्ठीकला
pocharam,पोचारम
litak,लिटक
barification,बैरिफिकेशन
bhulau,भुलाउ
movenpick,मोवेनपिक
bivrafi,बिव्रफी
hemtabad,हेमताबाद
kharidaron,खरीदारों
bhupatwala,भुपतवाला
kinberg,किनबर्ग
mehrabaan,मेहरबाँ
urmiladevi,उर्मीलादेवी
rachaaun,रचाऊँ
angiyar,अंगियार
inskip,इन्सकिप
delicels,डिलीसेल्स
kahanipath,कहानीपाठ
norin,नोरिन
meagher,मेघर
technian,टेकनियन
varnkram,वर्णक्रम
shugarne,शुगरने
gyaanprasaarak,ज्ञानप्रसारक
kuddiyan,कुड्डियां
chelicerate,केलिसेरेट
naayaa,नाया
napoge,नापोगे
likhaut,लिखौट
buknin,बुकनिन
uthenkala,उथेनकला
abavp,एबीएवीपी
gawabaher,गावाबाहेर
chhaain,छाईं
parizad,पारिजाद
shreshthion,श्रेष्ठिओं
vipratipatti,विप्रतिपत्ति
stepee,स्टिपी
accumulation,एक्यूमुलेशन
khodalyacha,खोदल्याचा
shanmukham,शनमुखम
gopakrishnan,गोपाकृष्णन
variation,वैरियेशन
microwing,माइक्रोइंग
arthodaks,आर्थोडाक्स
sampadkahain,संपादकहैं
karsiang,कर्सियांग
anadhikritpane,अनधिकृतपणे
dharmamulam,धर्ममूलम
malleshwara,मल्लेश्वर
jhoonkara,झूंकरा
khamkhvah,खामख्वाह
tadillata,तडिल्लता
parimaapon,परिमापों
tairbe,तैरबे
bhavachahi,भावाचाही
gaudhola,गौधोला
melchior,मेलकिओर
deviation,डिविएशन
loadsheading,लोडशेडिंग
bakshibagh,बक्षीबाग
plumbing,प्लमबिंग
stromatolyte,स्ट्रोमाटोलाइट
manushyaadi,मनुष्यादि
algol,अल्गोल
praveshdwaralach,प्रवेशद्वारालाच
jhingaapur,झिंगापुर
suprachaar,सुप्रचार
daryadil,दरयादिल
bloer,ब्लोअर
jivikorpajan,जीविकोर्पाजन
yors,योर्स
gleicher,ग्लेचियर
induction,इंनडक्शन
najarband,नज़रबंद
samjhotyaache,समझोत्याचे
jeevancharitaatmak,जीवनचरितात्मक
glenarite,ग्लेनराइट
nortail,नोरटेल
devibhagavat,देवीभगवत
rambeau,रैम्बो
bicycle,बायसायकिल
virodhipakshanete,विरोधीपक्षनेते
snaapar,स्नापर
uttamjeet,उत्तमजीत
aakaankshaanchi,आकांक्षांची
supergrid,सुपरग्रिड
ghojadanga,गोजडंगा
bataaesamajhaae,बताएसमझाए
pradurbhavapasun,प्रादुर्भावापासून
radaknewali,रड़कनेवाली
rahasyawadi,रहस्यवादी
nivadyadvare,निवाड्याद्वारे
graphophone,ग्राफोफ़ोन
aheda,अहेदा
stoffing,स्टॉफिंग
shilpic,शिल्पिक
acyutananda,अच्युतानन्द
deniwali,देनीवाली
klocale,केलोकेल
purvagaula,पुरवागौल
karsauli,करसौली
hisayoshi,हिसायोशी
bitanewalon,बितानेवालों
guardwire,गार्डवायर
dabochate,दबोचते
tirthankara,तीर्थंकर
kaaryavahiyon,कार्यवाहियों
administrate,एडमिनिस्ट्रेट
beldoff,बेलडॉफ
sarmanon,सर्मनों
jatf,जेएटीएफ
neurologist,न्यूरोलोजिस्ट
haicheng,हाइचेंग
sibon,सिबोन
chikitsaalaya,चिकित्सालय
toshiko,तोशिको
grinding,ग्राइण्डिंग
kenthola,केंथोला
moinuddin,मोइनुददीन
pajangalimedu,पजंगालिमेडू
qismon,क़िस्मों
gadigancha,गडिगंचा
andure,अंधुरे
translucent,ट्रांस्लूसेंट
alyanantardekhil,आल्यानंतरदेखील
auraki,औरकी
madhyagati,मध्यगति
phannekhan,फन्नेखान
dustween,डस्टवीन
virikti,विरिक्ति
smallcap,स्मॉलकैप
apam,अपाम
karagrihasathi,कारागृहासाठी
chodkar,चोड़कर
akfd,एकेएफडी
fergal,फर्गल
shuklapansad,शुक्लापंसद
punarjagarankal,पुनर्जागरणकाल
kachwan,कचवान
kamgran,कामग्रान
krodhsoochak,क्रोधसूचक
sandong,सैंडॉन्ग
maalaaein,मालाएं
bhashantar,भाषांतर
viejo,विएजो
thetharke,ठेठरके
charbangla,चारबंगला
naffa,नफ्फा
kheldivas,खेलदिवस
fregat,फ्रीगेट
satguron,सत्गुरों
gogoj,गोगोज
abbase,अब्बासे
profitting,प्रॉफिटिंग
jefu,जेफू
chidika,चिदीका
namamidevi,नमामिदेवी
bhujehra,भुजेहरा
riyajchi,रियाजची
rafta,रफ़्ता
bismilji,बिस्मिलजी
organized,आर्गनाईज्ड
barshaugi,बरशौगी
kamtene,कामटेने
pervertet,परवर्टेट
rakhaavat,रखावट
jilakaragar,जिलाकारागार
thade,थाड़े
tipayaane,टिपयाने
preverkout,प्रीवर्कआउट
vrignath,वृगनाथ
baladhikar,बालाधिकार
hairir,हैरिर
haveen,हवीं
namashivayam,नामाशिवयम
reekhen,रीखें
hansate,हंसते
vaahnaay,वाहनाय
aamvish,आमविष
bangalyababat,बंगल्याबाबत
hastakshek,हस्तक्षेक
khatmein,खतमें
gododdin,गोडोद्दीन
trademart,ट्रेडमार्ट
pathere,पथेरे
superditant,सुपरडिटेंट
naraishan,नरैशन
apalabdh,अपलब्ध
balaga,बलागा
pahuncha,पहुंचा
counstable,काउंस्टेबल
kirtiman,कीर्तिमान
sabunikaran,साबुनीकरण
svairinee,स्वैरिणी
becklink,बेकलिंक
these,चीज़े
adhiveshanalahi,अधिवेशनालाही
jadusangat,जादूसंगत
bhelpuri,भेलपुरी
required,रिक्वॉयर्ड
jephus,जेफस
dharmavtari,धर्मावतारी
westmeath,वेस्टमेथ
bhagedariyan,भागेदारियां
parisamaapit,परिसमापित
matiullah,मतीउल्ला
chelakkara,चेलक्कारा
mochri,मोचरी
bhatinda,बठिंडा
gojh,गोझ
kushabuon,ख़ुशबुओं
mahatvapoornah,महत्वपूर्णः
kirten,किर्टेन
haridranath,हरिद्रनाथ
gauratalat,गौरतलत
uthanaa,उठना
bikharaane,बिखराने
saharaon,सहराओं
akidon,अकीदों
paladiyaa,पलड़िया
provinces,प्राविन्सेज
covalinen,कोवालिनेन
reilon,रेलों
zhimomi,झिमोमी
jamrudpur,जमरूदपुर
kalaaeepakadh,कलाईपकड़
shodashbhuji,षोडशभुजी
premensteral,प्रीमेनस्ट्रल
karekar,कारेकर
kasturwa,कस्तूरवा
savel,सावेल
dharmvarn,धर्मवर्ण
messagemadhye,मेसेजमध्ये
yumika,युमिका
ulluji,उल्लूजी
pappiyon,पप्पियों
ganoddesh,गणोद्देश
jardoji,जरदोजी
jiyanand,जियानंद
paijang,पैंजंग
rajsanshi,राजसंशी
kaliyakkavilai,कालियाक्कविलाई
judd,जुड
welhelm,वेल्हेल्म
cphs,सीपीएचएस
marringa,मैरिंगा
leigh,लेघी
prmanuon,परमाणुओ
machuya,मछुया
bugdroid,बगड्रॉयड
trichal,त्रिचल
ionizer,आयोनाईजर
kalom,कालोम
kapon,कपों
panchki,पंचकी
cholinuma,चोलीनुमा
tejbirsinh,तेजबीरसिंह
vaatarakt,वातरक्त
chiplis,चिपलिस
floud,फ्लाउड
arcos,आर्कोस
antarkalin,अन्तरकालीन
sarojdevi,सरोजदेवी
katuon,काटुओं
thaksin,थाक्सिन
jiwajirao,जिवाजीराव
kanhaiyapur,कन्हैयापुर
granero,ग्रानेरो
accrediation,एक्रीडियेशन
chheelen,छीलें
thanantarit,थानांतरित
mackay,मकाय
vercelles,वर्सेल्लेस
budhnath,बुधनाथ
tiscandorf,टिस्केंडोर्फ
kritagyon,कृतज्ञों
dhaeryapurvk,धैर्यपूर्वक
feedthru,फीडथ्रू
bhaareet,भारीत
nemtaat,नेमतात
hailes,हेल्स
poorvparigyaat,पूर्वपरिज्ञात
mouza,मोजा
nebenzya,नेबेन्जया
satilho,सटिल्हो
kathasangrahache,कथासंग्रहाचे
siyahat,सियाहत
vasanvishayak,वसनविषयक
parliamentmadhye,पार्लमेंटमध्ये
lease,लीज़
debentures,डिबेन्चमर
haripatti,हरिपट्टी
itmenaan,इत्मीनान
ghausale,घौसले
bismillh,बसमला
rajaura,राजौरा
dymock,डिमॉक
juhil,जुहिल
stripped,स्ट्रिप्ड
dabguher,डबगुहेर
yugendra,युगेंद्र
majigar,मजिगर
yuddhanaayak,युद्धनायक
faruqi,फारुकी
abbasis,अब्बासियों
aapbal,आपबल
bhagwantidevi,भगवंतीदेवी
horlivka,होरलिवका
talod,तालोद
baiswari,बैसवारी
burecrates,ब्यूरक्रेट्स
atishbajiyan,आतिशबाजियां
lilabari,लीलाबरी
yagyavallabh,याज्ञवल्लभ
teerthdas,तीर्थदास
foundational,फाउंडेशनल
hansari,हंसारी
takaaki,तकाकी
helangjiang,हेलांगजियांग
socilist,सोसिलिस्ट
gurnei,गुर्नेई
beimaniyaan,बेइमानियाँ
chhatrarajaniti,छात्रराजनीति
ghirniyon,घिर्नियों
dugwekar,दुगवेकर
luc,लूक
trorent,ट्रोरेंट
badalyaane,बदल्याने
badaminahaa,बदमिनहा
jhala,झला
stoberry,स्टोबेरी
ashulk,अशुल्क
kumbasi,कुंबासी
bayaasachak,बयासचक
pedipalli,पेडिपल्ली
rela,रेला
khutara,खुटारा
iasis,आईएएसआईएस
utailaapan,उतैलापन
mahiyan,महियाँ
mohanjodaron,मोहनजोदड़ों
selpab,सेलपाब
inchtep,इंचटेप
hachka,हचका
gheren,घेरेन
rawatpada,रावतपाड़ा
aagyaparaayan,आज्ञापरायण
leyon,लयों
vibhinra,विभिन्र
physiotherapic,फिजियोथैरेपिक
punarbhav,पुनर्भव
fragnance,फ्रैग्नेंस
makrai,मकराई
alfavates,अल्फावेट्स
bakrakocha,बकराकोचा
aatmahatyesandarbhat,आत्महत्येसंदर्भात
ramjanpur,रामजनपुर
khagg,खग्ग
likhenshrenibaddha,लिखेंश्रेणीबद्ध
shinsegae,शिनसेग
dabangai,दबंगाई
pradhaanmantritvakaal,प्रधानमंत्रित्वकाल
abasahebanchi,आबासाहेबांची
stallions,स्टालियन्स
hanumannath,हनुमाननाथ
paryaat,पर्यात
bharmukt,भारमुक्त
lagayega,लगायेगा
agnitapta,अग्नितप्त
privy,पृवी
boxind,बॉक्सिंड
bhege,भेगे
gujaru,गुजारु
roopmatra,रूपमात्र
chitthiye,चिट्ठिये
rafte,रफ्ते
codexa,कोडेक्सा
ghadalyachehi,घडल्याचेही
scavadran,स्क्वैड्रन
palaamuun,पलामूँ
khayum,खयुम
chougaa,चोगा
patnikadoon,पत्नीकडून
gabriella,गेब्रिएला
tapes,टेप
tulsidasne,तुलसीदासने
karanlal,करनलाल
attenson,अटेंसन
chalaaunga,चलाऊँगा
alphonsa,अलफोन्सा
sanjays,संजयज
nirnayako,निर्णायको
badigaon,बाड़ीगांव
ezhimala,इजीमला
bodhidharma,बौद्धिधर्म
sadikin,सादिकिन
prakriyadharak,प्रक्रियाधारक
hanjipura,हांजीपुरा
bhauvan,भौवन
jukjukdhonala,जुकजुकधोनाला
shilpy,शिल्पी
puvamma,पुवम्मा
blandell,ब्लैंडल
degalras,डेगलरास
naubad,नौबाद
putney,पटनी
guptaangon,गुप्तांगों
statermadhye,स्टाटरमध्ये
ovaaron,ओवारों
mbongeni,म्बोंगेनी
adeshanusarach,आदेशानुसारच
adhyatmabarobarach,अध्यात्माबरोबरच
switzerlandke,स्विट्जरलैंडके
barbanki,बारबांकी
nindhar,निंधार
aankhonschivasamudra,आंखोंसचिवसमुद्र
libiye,लिबिए
masazaku,मासाजाकू
thndaa,ठण्डा
heinress,हेनरेस
broiler,ब्रॉयलर
reposes,रिपोज़
shimron,शिमरन
beuroche,ब्यूरोचे
casty,कैस्टी
jogja,जोगजा
vasukinathdham,वासुकिनाथधाम
datatre,दतात्रे
lalrinunaj,लालरीनुनाज
balamurukan,बालामुरूकन
ekstres,एक्स्ट्रेस
potarakund,पोतराकुंड
thansih,थानसिह
anjoline,एंजोलिन
dhandhwa,धंधवा
ghritam,घृतम्
tamakana,तमकना
sevaaye,सेवाये
gupin,गुपिन
vidrupataen,विद्रूपताएं
gangeshopadhyay,गंगेशोपाध्याय
aswatha,अश्वथ
karyapranaliyon,कार्यप्रणालियों
devakmar,देवकमार
vishvaahas,विश्वाहस
parizad,परिजाद
soutela,सौतेला
karmagaar,कर्मगार
generalize,जेनरलाइज़
komatollu,कोमातोल्लू
stadiac,स्टेडियक
cayfamous,केफेमस
nauhakhani,नौहाखानी
keshavpuri,केशवपुरी
jhabola,झबोला
bhilami,भिलामी
kimipragh,किमीप्रघ
krisnaswamy,क्रिष्णास्वामी
levaan,लेवां
interference,इंटरफ़ेरेंस
mudenchya,मुडेंच्या
smartselfi,स्मार्टसेल्फी
ohsumi,ओहसुमी
udmf,यूडीएमएफ
vipatkaal,विपत्काल
duryodhanaadi,दुर्योधनादि
vorantium,वोरांटियम
maanyate,मान्यते
cohain,कोहैन
malakhaan,मलखान
stocking,स्टॉककिंग
taraana,तराना
aadirahit,आदिरहित
iligan,इलिगन
ishmael,इसमाईल
sudharanyasathiche,सुधारण्यासाठीचे
indrapuram,इन्द्रपुरम
backdrop,बैकड्राप
prashaskiyadrishtya,प्रशासकीयदृष्ट्या
ibex,इबेक्स
samprayog,सम्प्रयोग
kantratabaddal,कंत्राटाबद्दल
vanasaathi,वनसाथी
pahuchaai,पहुंचाई
nizaamiyaa,निज़ामिया
lepta,लेप्टा
nausene,नौसेने
obassy,ओबैसी
sculpter,स्कल्पटर
nagod,नागोद
purvaskriyata,पूर्वसक्रियता
grihwasi,गृहवासी
namakiyon,नामाकियों
chetanasampanna,चेतनासम्पन्न
pranaradhya,प्राणाराध्य
dohle,दोहले
suntibai,सुंतीबाई
monopolise,मोनोपोलाईज
anudhvani,अनुध्वनि
kunderia,कुंडेरिया
sakroli,सकरोली
kintuk,किन्तुक
linheraptor,लिनहेराप्टर
tunician,ट्यूनिशियाई
apaharn,अपहर्ण
manskhor,मांसखोर
mahuvakhedi,महुवाखेडी
krishnaki,कृष्णकी
mattaniah,मत्तन्याह
atbp,एटीबीपी
chadolia,चादोलिया
nasihat,नसीहत
drutaveg,द्रुतवेग
jangalkanun,जंगलकानून
motla,मोटला
satwai,सतवाई
engineeringchya,इंजिनियरिंगच्या
amdoskar,आमडोसकर
liyaave,लियावे
chhatronne,छात्रोंने
manchin,मनचिन
amvon,अमवों
kamtaprasad,कामताप्रसाद
tamru,तुमडू
katiyamar,कटियामार
jayasi,जायी
sribrij,श्रीबृज
mahendron,महेंद्रों
tohari,तोहरी
aurder,और्डेर्
aryend,आर्येंद
dasharani,दशारानी
khambha,खम्भा
configure,कॉंफ़िगर
rivoldo,रिवॉल्डो
upruvnl,यूपीआरयूवीएनएल
vishwakar,विश्वकर
skybar,स्काईबार
agnesh,अगनेश
brazier,ब्रैजियर
spartathlon,स्पार्टाथलन
bhaktimal,भक्तिमाल
jeepmadhoon,जीपमधून
amharik,अम्हरिक
indhane,इंधने
taahai,ताहै
bhramins,ब्राह्मणों
lokeshar,लोकेशर
mangalbagh,मंगलबाग
saundaryikrit,सौंदर्यीकृत
nevge,नेवगे
incidences,इंसीडेंस
kachadon,कचड़ों
nawaze,नवाज़े
divijan,डिविजन
phalaswaru,फलस्वरु
gudgudavo,गुद्गुदावो
aklai,अकाली
phuldhar,फुलधर
eklingeshwar,एकलिंगेश्वर
dgca,डीजीएसी
assigning,एसाइनिंग
viscosity,विस्कोसिटी
leukopania,ल्यूकोपेनिया
tantawi,तंतावी
mancento,मानसेंटो
mankutuhal,मानकुतूहल
pustikevar,पुस्तिकेवर
naslo,नसलो
junedkhan,जुनेदखान
lenderking,लेन्डरकिंग
alpaseva,अल्पसेवा
agnidivyach,अग्निदिव्यच
thrasulia,थ्रसुलिया
samanviti,समन्विति
safaydi,सफेदी
jabarkhet,जबरखेत
yotirvigyaan,योतिर्विज्ञान
faatke,फाटके
teamwork,टीमवर्क
jhopadiyan,झोपड़ियों
ooree,ऊरी
skywatch,स्काईवाच
iurp,आईयूआरपी
anandra,आनन्द्रा
kadkat,कड़कट
ania,एएनआईए
papdala,पापडाला
matavari,मतवारी
gothankar,गोठनकर
veshyaein,वेश्याएँ
ophthelmic,ओप्थेल्मिक
swargawas,स्वर्गावास
sadhuwali,साधुवाली
ingelby,इंगेल्बी
ungalii,उंगली
baharpur,बहारपुर
lokotsavache,लोकोत्सवाचे
computerization,कमप्यूटरीकरण
shastarth,शास्तार्थ
kirdaar,किरदार
chhaananihi,छाननीही
chhayachitrasathi,छायाचित्रासाठी
nagorno,नगोर्नो
shtami,श्तमि
kantasingh,कांतासिंह
mantrachcharan,मंत्राच्चरण
kajje,कज्जे
jhuulai,झूलै
chhedisingh,छेदीसिंह
basrehi,बसरेही
vollmann,वोलमान
anokhin,अनोखिन
karvar,करवार
swak,स्वक
praudhvstha,प्रौढ़ावस्था
faa,फा
hanshul,हंशुल
sudafad,सुदाफाद
sadashivaya,सदाशिवाय
concrode,कॉनक्रोड
sashrut,सश्रुत
uplabgh,उपलब्घ
gulabwani,गुलाबवाणी
hyperglycaemia,हाइपरग्लेसेमिया
pravaahmaarg,प्रवाहमार्ग
mastery,मास्टरी
ayalki,अयालकी
yadisathi,यादीसाठी
ghurnankari,घूर्णनकारी
nakaratmar,नकारात्मर
jalasandhi,जलसंधि
pratyekana,प्रत्येकाना
sheriffs,शेरिफ्स
eknathchya,एकनाथच्या
knudsen,नुडसन
hastavigyan,हस्तविज्ञान
mahavibhash,महाविभाष
prakaarantar,प्रकारान्तर
jashmdeed,जश्मदीद
jhukane,झुकने
imlikheda,इमलीखेड़ा
ojaswani,ओजस्वनी
hakurk,हकुर्क
multipin,मल्टीपिन
monorail,मोनोरेल
dusplay,डस्प्ले
tiruwali,तिरुवाली
weinraub,वेनरॉब
purushanchyach,पुरुषांच्याच
kaiphiyat,कैफियत
dilhon,दिल्हों
sambandhpatta,संबंधपट्टा
crossrail,क्रॉसरेइल
palkon,पल्कों
sairaaz,सैराज़
chintepura,चिंतेपुरा
nibaran,निबारन
shevatparyant,शेवटपर्यंत
hakasal,हकासल
manglera,मंगलेरा
rationingcha,रेशनिंगचा
jirat,जिराट
kaktina,कक्तिना
padnamasah,पदनामासह
kaavyatatvon,काव्यतत्त्वों
daraaz,दराज
dulihaniyan,दुलिहनियां
dialation,डाइलेशन
bhanwarsen,भंवरसेन
dayansh,दयांश
luciana,लूसियाना
cordon,कोर्डन
incorporated,इंकॉरपोरेटेड
shaarirvigyaan,शारीरविज्ञान
minazuddin,मिनाजुद्दीन
samajkranti,समाजक्रांती
jagatwar,जगतवार
ranal,रनाल
sinchanaane,सिंचनाने
kalita,कालीता
palodi,पलोड़ी
nmu,नेमू
revlan,रेवलान
maryadapriya,मर्यादाप्रिय
yema,येमा
taupo,तुआपो
dhandhaanyaadi,धनधान्यादि
shishyapan,शिष्यपन
keemta,कीमता
vikramshah,विक्रमशाह
esashobij,एसशोबिज
bhaumakaras,भौमकारों
budkhal,बड़खल
kunthali,कुंथली
nikhaariye,निखारिए
panaa,पनाह
contentsumbandhi,कंटेंटसंबंधी
rbdav,आरबीडीएवी
adakvinyachi,अडकविण्याची
cancelled,कैन्सल्ड
bhaktanivasachi,भक्तनिवासाची
mulka,मुलका
nazura,नाजुरा
dhamania,धमनिया
prep,प्रीप
shivabati,शिवबती
brahmapuran,ब्रह्मपुराण
hamase,हमासे
damol,दामोल
bulbuls,बुलबुल
paristhitayo,परिस्थितयों
praveshdwarala,प्रवेशद्वाराला
gusani,गुसानी
manisingh,मणिसिंह
maarogyam,मारोग्यं
sascatchwain,सैस्कैचवेन
nushko,नुष्को
drishtikonparakta,दृष्टिकोणपरकता
linement,लाइनमेंट
jkadne,जकड़ने
samyaga,सम्यग्
sahasatrabuddhe,सहसत्रबुद्धे
krishakgan,कृषकगण
jaayengen,जायेंगें
shaishunagvansh,शैशुनागवंश
tomingas,टोमिंगास
mushikilen,मुशिकिलें
zweig,ज्वीग
droster,ड्रॉस्टर
peropenisadai,पेरोपेनिसडाई
komagata,कोमागाता
kakshes,कक्षेस
mmic,एमएमआईसी
matthias,मत्तीआस
pyaaz,प्याज़
dranata,द्रणता
centocracy,सेंटोक्रेसी
mahilaaonprakriti,महिलाओंप्रकृति
paunchhate,पौंछते
shaktivaanon,शक्तिवानों
thrash,थ्रश
khenchu,खेंचू
vishwabiradari,विश्वबिरादरी
kaamari,कामारि
rashtrahitamein,राष्ट्रहितमें
multishare,मल्टीशेयर
elidability,एलिडिबिलिटी
pyongpang,प्योंगपांग
valkyrie,वालकायरी
gajban,गजबन
muldravyon,मूलद्रव्यों
bambhol,बमभोल
deekshyaa,दीक्षया
shrenibaddh,श्रेणीबद्ध
hasataaksharit,हसताक्षरित
hehoe,हेहोए
kharchaamadhye,खर्चामध्ये
jelliffe,जेल्लिफ़
densitometer,डेंसिटोमीटर
baankey,बांके
bholwas,भोलवास
puchhwana,पुछवाना
aitamaad,ऐतमाद
tukhani,तुखानी
kanakpora,कनकपोरा
ratania,रटानिया
biochemistry,बायोकैमिस्ट्री
scrummy,स्क्रमी
mishrapikanchi,मिश्रपिकांची
notification,नोटीफ़िकेशन
koute,कोटे
ongbamrangfan,ओंगबामरंगफान
silverado,सिल्वराडो
yamumananagar,यमुमनानगर
askm,एएसकेएम
tabuena,ताबुएना
atmosphere,एटमॉसफियर
bobri,बोबरी
tarire,तरीरे
burevi,ब्युरवी
sadharanpanane,साधारणपणाने
aakasti,आकस्ति
langfer,लंगफेर
rondha,रोंधा
medhkar,मेधकर
budbudaaye,बुदबुदाये
kozagirinimitta,कोजागिरीनिमित्त
granthonki,ग्रन्थोंकी
shaarib,शरीब
talpatte,तलपट्टे
gachibowli,गचीबोवली
kudatkar,कुडतकर
pinoti,पिनोटी
jantubai,जन्तुबाई
mejhegore,मेझेगोरे
usghatna,उसघटना
kanjaken,कंजकें
pareroop,परिरूप
nandanbakkam,नंदनबक्कम
ported,पोर्टेड
tubever,ट्यूबवर
latadidi,लतादीदी
khutkhataa,खटखटा
shahzab,शाहज़ाब
khatumal,खाटूमल
visalvat,विसालवत
dubash,डुबाश
dharmadaan,धर्मदान
pradhikaranakade,प्राधिकरणाकडे
shivkisan,शिवकिसन
penkate,पेंकते
kadagam,कड़गम
sanjeevdhar,संजीवधर
varuneh,वरुणेह
miriam,मिरियाम
jogian,जोगियाँ
lanjani,लांजनी
unkevikas,उनकेविकास
shodhkartri,शोधकर्त्री
akaaryarat,अकार्यरत
ishkaran,ईशकरण
badheen,बढीं
tirlok,तरलोक
elel,एलिल
continued,कंटीन्यूड
atipavan,अतिपावन
rasaayanvigyaan,रसायनविज्ञान
marrimanu,मर्रीमानु
hingolichi,हिंगोलीची
daraajon,दराजों
sahityaratna,साहित्यरत्न
shagil,शागिल
paayengi,पाएँगी
tippaniyansupreem,टिप्पणियांसुप्रीम
manbodh,मानबोध
vilgikarnachi,विलगीकरणाची
kalugadhera,कालूगधेरा
airavat,एरावत
semaint,सीमिन्ट
eligzandra,एलिग्जेंड्रा
rogayon,रोगयों
dharmalambi,धर्मालंबी
shoftball,शॉफ्टबाल
ebner,एब्नर
katoria,काटोरिया
sunavalyache,सुनावल्याचे
varshashiksha,वर्षशिक्षा
rabeka,रबेका
manikam,मनिकम
diagnal,डायगनल
placex,प्लेसेक्स
puchkaartey,पुचकारते
gleria,ग्लेरिया
saragwala,सरागवाला
srigangaram,श्रीगंगाराम
cordate,कॉर्डेट
aleema,अलीमा
vatsapree,वत्सप्री
masabo,मसाबो
aantirak,आंतिरक
kuruvan,कुरुवन
lithuanian,लिथुनेइन
khalipe,खलिपे
kamalulmulk,कमालुलमुल्क
mandirantahi,मंदिरांतही
vatanyasarkhe,वाटण्यासारखे
chhapwane,छपवाने
prarthnamantra,प्रार्थनामंत्र
debnathpura,देबनाथपुरा
mahankal,महानकाल
borilar,बोरिलर
daiwart,डाईवर्ट
structural,स्ट्रक्चर
nirvibhaktik,निर्विभक्तिक
gansville,गेन्सविले
mahinyaabhar,महिन्याभर
mauhaliwala,मौहालीवाला
gaanvasvatantrata,गांवस्वतंत्रता
saingathir,सैंगाथिर
sahajmarg,सहजमार्ग
stimmed,स्टिम्ड
chhoriki,छोरीकी
adhisanrachanaatmak,अधिसंरचनात्मक
midibus,मिडीबस
shishganra,शीशगंरा
ghaav,घाव
pliha,प्लीहा
shiamak,शिमंक
tellus,टेलस
vervous,वरवस
dungrana,डूंगराना
ziaobian,ज़ियाओबियन
udalia,उदालिया
antarjal,अन्तर्जल
aazami,आज़मी
agasthyamalai,अगसत्यमाला
mooja,मूजा
manthari,मंथरी
lachia,लचिआ
deemaken,दीमकें
aapdaarodhi,आपदारोधी
rangidency,रेंजिडेंसी
tapkani,टपकानी
chhend,छेंद
aapsabo,आपसबो
sarvajanikaniji,सार्वजनिकनिजी
yuvatinchyavatine,युवतींच्यावतीने
formis,फोर्मिस
volterra,वोल्त्रा
vivekchyut,विवेकच्युत
jarmapur,जर्मापुर
kosmo,कोसमो
bubakpur,बूबकपुर
ghamkiyon,घमकियों
admistation,एडमिस्टेशन
ramchhpit,रामछपित
ies,इस
smarkancha,स्मारकांचा
shaksham,शक्षम
chabaain,चबाईं
pahunchaayega,पहुँचाएगा
anumeration,एन्यूमरेशन
kachchen,कच्चें
tappan,तप्पन
ogam,ओगाम
akelahi,अकेलाही
asanyamita,असंयमिता
akasi,अकासी
chorkol,चोरकोल
abuli,अबुली
vidyadhyayan,विद्याध्ययन
shaba,शाबा
mujawarwadi,मुजावरवाडी
tankia,टंकिया
patangashanagar,पतंगशानगर
nirdhaanit,निर्धानित
bomsi,बोमसी
bilash,बिलाश
kishtiyaan,किश्तियाँ
accessories,एसेसरीज़
bahrach,बहराच
sindhwa,सिंधवा
yuith,युइत
tamkar,तमकर
girjarani,गिरजारानी
calculating,कैलकुलेटिंग
niveshyogya,निवेशयोग्य
nuchenge,नुचेंगे
virodhabhash,विरोधाभाष
gulbanfasa,गुलबनफसा
lobstar,लॉबस्टर
fran,फ्रैन
mritk,मृतक
ankhmichaili,आंखमिचैली
jhirange,झिरंगे
milkharaj,मिलखराज
nyayanirneet,न्यायनिर्णीत
prinegrove,प्राइनग्रोव
rajkaleshwar,राजकलेश्वर
hathithan,हाथीथन
malukchand,मलूकचंद
charein,चरें
chipmukt,चिपमुक्त
thuddon,ठुड्डों
ginella,गिनेला
kinshuk,किन्शुक
vajanwala,वजनवाला
jamundih,जामुनडीह
mccance,मेक्केन्स
operationally,ऑपरेशनली
callin,कॉलिन
manchu,मंचू
tinghana,तिंघाना
vinte,विंटे
pst,पीएसटी
apavartan,अपवर्तन
amethi,अमेटी
silvaayenge,सिलवाएंगे
aatmajayi,आत्मजयी
bamaniya,बामणिया
sopodera,सोपोडेरा
anhydrase,एनहाइड्रेज
bohate,बोहाटे
golakpir,गोलकपीर
neumork,न्यूमॉर्क
pittashaman,पित्तशमन
chloropyriphos,क्लोरोपाईरीफॉस
enhasment,एन्हासमेंट
thymus,थायमस
pavanar,पावनार
yogasiddhi,योगसिद्धि
kharidaaron,खरीदारों
decreases,डिक्रीज
triterpanoids,ट्राइटरपेनोइड्स
prayagraj,प्रयागराज
jootiya,जूतिया
chandril,चंद्रिल
occupancy,आक्यूपैंसी
patrehi,पत्रेही
mobaila,मोबाइला
bambola,बंबोला
solenoid,सोलेनॉयड
lightke,लाइटके
caroway,कारोवे
badwale,बड़वाले
akritiya,आकृतियां
munirul,मुनीरूल
stankovic,स्टेन्कोविच
yogamadhye,योगामध्ये
boundaree,बाउंडरी
dutavasache,दूतावासाचे
kentrol,केंट्रोल
janvarikohoga,जनवरीकोहोगा
kavitaaen,कविताएं
doradas,दोरादास
jhakajhorakar,झकझोरकर
himemim,हिमेमिम
purisathi,पुरीसाठी
visheshtaayein,विशेषताएं
shaantiparak,शांतिपरक
tijoriyaan,तिजोरियाँ
scsc,एससीएससी
chhatravati,छात्रवती
ratinder,रतिंद्र
pudhari,पुधारी
swasthyashi,स्वास्थ्याशी
daivataishch,दैवतैश्च
accessorize,एकसेसारीज
aashaad,आषाढ
sakapakaate,सकपकाते
sadratil,सदरातील
jaisalya,जैसल्या
declearation,डिक्लीयरेशन
vishamalingi,विषमलिंगी
aakhat,आखत
omnipresent,ओम्नीप्रेजेंट
makutesvara,महाकूटेश्वर
grenadians,ग्रेनेडियन्स
radoslav,राडोस्लाव
jyanendrpati,ज्ञानेंद्रपति
maidona,मैडोना
srisahasragiti,श्रीसहस्रगीति
dhanlolupta,धनलोलुपता
floodgate,फ्लडगेट
raangan,राँगन
chandrasekaran,चंद्रशेखरन
evings,इविंग्स
ethane,इथेन
kachiguda,काचीगुड़ा
besamhal,बेसम्हाल
vestager,वेस्टेजर
numatal,न्यूमेटल
dharmopadeshanvidhau,धर्मोपदेशनविधौ
cottractor,काट्रैक्टर
bensouda,बेंसौदा
penterythritol,पेंटेरीथ्रिटोल
sabalur,सबलूर
vrittine,वृत्तीने
utrosa,उत्रोसा
prodigal,प्रॉडिगल
yuvkaviruddh,युवकाविरुद्ध
bhuti,भूति
simhanaad,सिंहनाद
jhijhakta,झिझकता
rusape,रुसापे
karmadaata,कर्मदाता
blocky,ब्लॉकी
apragalbh,अप्रगल्भ
soofiyan,सूफियां
openly,ओपनली
shotru,शोतरू
matavala,मतवाला
intramural,इंट्राम्यूरल
girek,गिरेक
vichardharo,विचारधारो
kovao,कोवाओ
bhadrudih,भद्रुडीह
dhavleshwar,धवलेश्वर
fanam,फनम
evangel,इनजील
vijyuli,विज्युली
soniyagandhi,सोनियागाँधी
parwangibabat,परवानगीबाबत
interceptor,इन्टरसेप्टर
baudhashram,बौधाश्रम
ingersoll,इंगरसोल
ummayads,उम्मयदों
neodymium,नियोडायमियम
posison,पोजिसन
pbi,पीबीआई
apanaayi,अपनायी
tejovrisho,तेजोवृषो
moortibhanjak,मूर्तिभञ्जक
lakkho,लक्खो
doorsthaan,दूरस्थान
unmadadi,उन्मादादि
renka,रेंका
varnandhata,वर्णान्धता
presbayan,प्रेसबयान
normer,नार्मर
busilance,बिजीलेंस
narti,नरती
kadnatak,कड़नाटक
pralok,प्रलोक
pharmacists,फार्मेसिस्ट्स
okhla,ओखला
praasarat,प्रासरत
kusaujhiya,कुसौझिया
shanchita,शन्च्हिट्
aul,आल्
ambris,अम्बीरस
udarposhan,उदरपोषण
insulinchya,इन्सुलिनच्या
dashasan,दशासन
ofbs,ओएफबीएस
lalnathji,लालनाथजी
lomadharak,लोमाधारक
ghravikaran,घ्रवीकरण
gyaanlataa,ज्ञानलता
pitpur,पीतपुर
saful,सफुल
complained,कंप्लेंड
sacketary,सैकेटरी
chandnai,चंदनई
kaninawasiyon,कनीनावासियों
roychoudhury,रॉयचौधरी
huashang,हुआशांग
tilakatari,तिलकतरी
malavivi,मालाविवि
karnah,कर्नाह
devvrut,देवव्रत
secretariot,सेक्रिटेरियट
tearioring,टीरियरिंग
hinkar,हिंकार
hawaaon,हवाओन
sthanakvasi,स्थानकवासी
eknathancha,एकनाथांचा
continence,कॉन्टिनेंस
palbosyslib,पाल्बोसिसलिब
patrataprapt,पात्रताप्राप्त
adimata,आदिमाता
sahul,साहुल
chiglesana,चिगलेसाना
vabaduse,वाबाडुज
placio,प्लेसियो
pakshyasana,पक्ष्यासन
keetarhit,कीटरहित
shigeru,सिगेरू
ratai,रताई
gert,गर्त
krog,क्रोग
caucasian,कोकेशियान
bhadkhin,भदखिन
shiamak,शामक
bitaayegaa,बितायेगा
samvuphachan,संवुफचन
satendrakumar,सतेंद्रकुमार
swagrih,स्वगृह
aushadhaavar,औषधावर
faruahi,फरूआही
singlebeam,सिंगलबीम
karonga,करोंगा
gavali,गवली
bickel,बिकेल
vikaskant,विकासकांत
hingola,हिंगोला
edvaizaree,एडवाइजरी
bhringak,भृंगक
matrikanchi,मातृकांची
janmalyas,जन्मल्यास
nagarikankade,नागरिकांकडे
payada,पायदा
anurkaran,अनुरकरण
karyakramapurvi,कार्यक्रमापूर्वी
naradham,नराधाम
attarneys,अटार्नीज
iwaturi,इवातुरी
sinosphere,सिनोस्फियर
lakshmansar,लक्ष्मणसर
vajpai,वाजपेई
asibra,असिबरा
karyalayanvar,कार्यालयांवर
kholwa,खोलवा
jhalrapatan,झालरापटन
posar,पोसार
alevera,एलेवेरा
bhimwal,भीमवाल
poondmalli,पूंदमल्ली
biller,विलेर
vishishtavarg,विशिष्टवर्ग
nichodti,निचोड़ती
rubega,रुबेगा
imedi,इमेदी
laumaharshak,लौमहर्षक
atmagupta,आत्मगुप्ता
mishrawala,मिश्रवाला
bhaantikaala,भाँतिकाला
bhrami,भ्रामी
kaarravaaiyaan,कार्रवाईयाँ
durgabaksh,दुर्गाबख्श
silima,सिलिमा
dharmniripekshata,धर्मनिरिपेक्षता
makaane,मकाने
vidvatparishad,विद्वत्परिषद्
drishtisampann,दृष्टिसम्पन्न
uboh,उबोह
continues,कंटिन्यूज
gamavalyanantar,गमावल्यानंतर
disconnected,डिसकनेक्डेड
rashique,रशीक
angelic,एंजलिक
ballamon,बल्लमों
athanaje,अथानाजे
jaagiron,जागीरों
tenpa,तेन्पा
kokanasth,कोकनस्थ
ghatoria,घटोरिया
bhahaane,भहाने
rudraraju,रुद्राराजू
ishwarballabh,ईश्वरबल्लभ
andolanaprasangi,आंदोलनाप्रसंगी
insparation,इंस्परेशन
ambalgram,अम्बलग्राम
rayalistics,रेयलिस्टिक्स
madhyasthi,मध्यस्थी
sajavatichi,सजावटीची
himcolin,हिमकोलिन
nannes,नैंस
thangmeiband,थांगमेईबंद
michesh,मिचेश
shunyajama,शून्यजमा
ganadhish,गणाधीश
bhawanti,भवंती
seismosaurus,सीसमोसॉरस
prarthiya,प्रार्थिया
sankhyavachanacha,संख्यावाचनाचा
asmadacharya,अस्मदाचार्य
combatent,कॉम्बेटेंट
gunjon,गुणजों
jhaalsa,झालसा
koeeree,कोईरी
gajendrapur,गजेन्द्रपुर
dhamakvinyache,धमकविण्याचे
jasram,जसराम
devarajpura,देवराजपुरा
gomph,गोम्फ़
tanbadan,तनबदन
shwetnag,श्वेतनाग
floressling,फ्लोरेसलिंग
kurenon,कुरेनों
alphonso,अल्फॉन्सो
varandha,वरंधा
ayyan,अयान
kakshasen,कक्षसेन
liquidators,लिक्विडेटर
dhairyadhar,धैर्यधर
habibji,हबीबजी
pukkusaati,पुक्कुसाति
gunile,गुणिले
mugama,मुगमा
ccps,सीसीपीएस
moliere,मौलियर
chhidakoonga,छिड़कूँगा
najavaanon,नजवानों
heliograph,हेलियोग्राफ
dincharyet,दिनचर्येत
riddhisiddhi,ऋद्धिसिद्धि
sposjet,स्पासजेट
subahaan,सुबहान
jadejasobat,जडेजासोबत
ritushraav,ऋतुश्राव
brahamdarshan,ब्रह्मदर्शन
chatera,चतेरा
models,मॉडल्ज़
novation,नोवेशन
badhakaar,बढ़कार
bhatnausa,भटनौसा
chanakyanchya,चाणक्यांच्या
philatilist,फिलेटिलिस्ट
sattepudhe,सत्तेपुढे
sagala,सागला
markab,मरकब
nicholls,निकोलस
barasatee,बरसती
dynostics,डायनोस्टिक्स
machiney,मशीने
galgoza,गलगोजा
krodhamen,क्रोधमें
gopath,गोपथ
jindan,जिन्दन
buendia,बुएन्दिया
saklaini,सकलैनी
mirka,मिर्का
mahakurup,महाकुरूप
chiragh,चिराग़
bharatvarsh,भरतवर्ष
mairga,मैरगा
benban,बेनबान
fibrosis,फाईब्रोसिस
kujhaau,कुझाऊ
pishaachatva,पिशाचत्व
sealver,सील्वर
alaudi,अलाउदी
amedhik,अमेधिक
rubbe,रुब्बे
imbarkation,इंबार्केशन
bhabhoota,भभूता
putthal,पुत्थल
shilpagram,शिल्पग्राम
khaathe,खाथे
bhashavid,भाषाविद्
shareeravishayak,शरीराविषयक
mahavidambana,महाविडम्बना
isawi,इसावी
tejajinagar,तेजाजीनगर
pinate,पिनाटे
basyatra,बसयात्रा
yatmev,यतमेव
pragataaen,प्रगटाएं
sdsap,एसडीएसएपी
matdeep,मतदीप
widhaykgan,विधायकगण
abhala,अभाला
kasham,काशम
samharai,सम्हारै
mkpp,एमकेपीपी
mirgan,मिरगान
vyaapaaraavishayi,व्यापाराविषयी
kurumkar,कुरूमकर
birlo,बिरलो
nuchal,नचल
attabad,अट्टाबाद
utpadanant,उत्पादनांत
padaousan,पड़ौसन
kokalyadev,कोकल्यदेव
tiali,टियाली
malagaadee,मालगाड़ी
flyterdar,फ़्लाइटरडार
disciplines,डिसिप्लिन्स
doongariya,डूँगरिया
salepur,सलेपुर
sisal,सीसल
mutkekar,मुतकेकर
raghul,रघुल
rcmho,आरसीएमएचओ
baatat,बातत
karyneiti,कार्यनीति
rassie,रेसे
ishwarvadi,ईश्वरवादी
rousseff,रोसेफ
postberg,पोस्टबर्ग
devananda,देवानंदा
tamiflu,तामीफ्लू
jhuriwala,झुरीवाला
yadvendra,यादवेंद्र
mikma,मिकमा
bangolar,बैंगोलर
daau,दाऊ
nesatta,नेसत्ता
mithyachar,मिथ्याचार
nibhaaon,निभाओं
kamalanandji,कमलानंदजी
jhaabuo,झाबुओ
kiranjot,किरणजोत
purniyavasi,पूर्णियावासी
corvasa,कोरवासा
disposible,डिस्पॉजिबल
blaydes,ब्लेड्स
mcu,एमसीयू
urdhvapatit,ऊर्ध्वपातित
sihodi,सिहोड़ी
garashiya,गराशिया
sgs,एसजीएस
kalmapak,कालमापक
pahuncheng,पहुंचेंग
sangolyacha,सांगोल्याचा
tragers,ट्रेजर्स
mahavat,महावट
denois,डेनॉइस
mobaiche,मोबाईचे
reselling,रिसेलिंग
kerol,केरोल
ratewali,रतेवाली
domains,डोमेनों
graphric,ग्राफ्रिक
sewamantri,सेवामंत्री
korakundah,कोराकुंड
hasanpura,हसनपुरा
methanation,मिथेनेशन
hashmati,हशमती
gharawan,घरावां
ondhiya,ओंधिया
karyasamitiyan,कार्यसमितियां
maximi,मैक्सिमी
misur,मिसुर
berhamiyon,बेरहमियों
gantok,गंटोक
kaumaryata,कौमार्यता
yoprant,योपरांत
shalohm,शालोह्म
jogila,जोगिला
baaden,बाड़ें
gokulwa,गोकुलवा
sindhiyan,सिंधियां
malum,मालुम
ahinsene,अहिंसेने
phutkal,फुटकल
sarvasadharansabha,सर्वसाधारणसभा
automobice,ऑटोमोबाइस
wholphin,वॉलफ़िन
balwantji,बलवंतजी
satyakiran,सत्यकिरण
dronpal,द्रोणपाल
andhadhunda,अंधाधुंध
inderja,इंद्रजा
akhroton,अखरोटों
saadha,सादा
shilaroop,शिलारूप
featureke,फीचरके
malch,मल्व
marchisio,मार्चिसिओ
bajak,बजक
pitthi,पिट्ठी
cardiovscular,कार्डियोव्स्क्युलर
hammerhead,हैमरहैड
dehragopipur,देहरागोपीपुर
bronchial,ब्रॉन्कियल
bolivar,बोलीवर
aadityavarna,आदित्यवर्णा
lahuria,लाहुरिया
bhoogarbhaatun,भूगर्भातून
matsutomo,मात्सुतोमो
openind,ओपनिंड
bivoltine,बिवोल्टाइन
kandevali,कांदेवली
rastyababat,रस्त्याबाबत
khotarderaj,खोटारडेराज
falanka,फलांक
bhigole,भिगोले
nilakurunji,नीलकुरुंजी
shilidi,शिलिडी
kawoosa,कावोसा
eknaligoda,एकनालिगोडा
samvasiniyan,संवासिनियां
chaoji,चाओजी
sergei,सर्गेइ
shayankaksha,शयनकक्ष
rahasyaya,रहस्यय
venkesi,वेंकेसी
anusooti,अनुसूति
yorkot,योरकोट
prefectural,प्रीफेक्चुरल
seenche,सींचे
nityahari,नित्यहरि
monnet,मॉनेट
rasikata,रसिकता
kundalimein,कुंडलीमें
satyanarayan,सत्यनाराण
sarnau,सरनाउ
khaaepeeye,खाएपीए
mausamvigyan,मौसमविज्ञान
tampere,टाम्परे
lackmail,लैकमेल
chandafort,चांदाफोर्ट
qaiqubad,क़ैकूबाद
telecommunications,टेलिकम्यूनिकेशन्ज
junez,जुनेज
yayarth,ययार्थ
lalruata,लालरूआता
rishibhyah,ऋषिभ्यः
asakton,असक्तों
hlaing,हलायिंग
undergarmet,अंडरगार्मेट
navaocolo,नवाओकोलो
shoobhaah,शूभाः
yangistan,यंगिस्तान
badhegee,बढेगी
tatsthan,तत्स्थान
charishth,चरिष्ठ
devtaonki,देवताओंकी
sanchalanmandal,संचालनमंडल
tagbilaran,ताजबीलारान
antarwale,अंतरवाले
molocure,मोलोक्यूर
mainariya,मैनारिया
bhennahi,भेन्नही
rukhamo,रुखामो
dilrukshi,दिलरूक्शी
bigopur,बीगोपुर
florison,फ्लोरिसन
cocan,कोकन
mahaku,महाकु
mashahir,मशाहिर
izzath,इज्ज़त
ramsonlion,रामसनलियन
fayyad,फैयाद
ahirbara,अहिरबारा
rasheeden,रशीदें
zebronics,जेब्रोनिक्स
higginbothm,हिगिनबॉथम
yonidwara,योनिद्वारा
lomikoye,लोमिकोए
santokh,सन्तोख
perso,परसो
nimarka,निमार्का
tabankhu,तबांखू
rupowalia,रुपोवालिया
ritumadhye,ऋतुमध्ये
tampora,टैम्पोरा
potnivadanukanmadhye,पोटनिवडणुकांमध्ये
cultivating,कल्टीवेटिंग
duraguard,ड्यूरागार्ड
lectus,लेक्टस
tyda,टाइडा
khajihar,खाजिहार
tirthabhadra,तीर्थभद्र
bhilputra,भीलपुत्र
paprazi,पपराज़ी
chhaabani,छाबनी
astapor,एस्टापोर
ununpentium,अनअनपेन्टियम
gmmr,जीएमएमआर
emesa,एमीसा
rojhala,रोझला
frasangik,फ्रासंगिक
accor,एक्कोर
prayoshaalaaen,प्रयोशालाएं
sakhuja,साखुजा
birambad,बिरम्बद
angani,अंगनी
apis,एपीआईएस
peaker,पीकर
akhimullah,अखिमुल्लाह
nausakhiye,नौसखिये
chemtrails,केम्ट्रेल्स
chaikori,चैकोरी
ranmi,रनमी
nihard,निहार्ड
huchak,हुचक
chadhadikalan,चढ़दीकलां
tinneshed,टिनेशेड
meghalaya,मेघलय
vaktubya,वक्तब्य
sahabganj,सहाबगंज
mahadhwaja,महाध्वजा
partway,पार्टवे
luharach,लुहारच
dinawar,दिनावर
paratkundiya,परतकुण्डिया
daikou,दाइकू
bharangi,भरांगी
colbe,कोल्बे
potin,पोतीं
apurvakathaneeya,अपूर्वकथनीय
dosino,डोसिनो
kumbhraj,कुम्भराज
rahalaai,रहलाई
triumphing,ट्रायम्फिंग
bechat,बेचत
daggaj,दग्गज
cottrisation,कॉटराइजेशन
naliyo,नलियो
randstad,रैन्डस्टैड
molinemia,मोलिनिमिया
peravalur,पेरावलुर
punaravashoshan,पुनरावशोषण
janglia,जांगलिया
rasaniroopan,रसनिरुपण
ginaayenge,गिनाएँगे
birsachya,बिरसाच्या
casual,कैज्यूल
shunyapraya,शून्यप्राय
kootnayik,कूटनायिक
niif,एनआईआईएफ
muktako,मुक्तको
khadyamantri,खाद्यमन्त्री
udgaro,उद्गारो
khulina,खुलीना
anuvaadiki,अनुवादिकी
sammishrana,सम्मिश्रण
kijo,कीजो
banjana,बांजना
trickle,ट्रिकल
halevy,हेल्वी
buro,बुरो
nirdeshjila,निर्देशजिला
surnath,सुरनाथ
farooqi,फ़ारूक़
kevosi,केवोसी
laghuvitta,लघुवित्त
aimim,एआईएम
sagaur,सगौर
ghanse,घांसे
upadviyon,उपद्वियों
akhyaarit,अख्यारित
swasthyaraksha,स्वास्थ्यरक्षा
kanakavati,कनकवती
kunvarjibhai,कंवरजीभाई
meral,मेराल
fatri,फतरी
patnitala,पत्नीतला
dpms,डीपीएमएस
ardabil,अर्दबील
jahajghat,जहाजघाट
overprise,ओवरप्राइस
agrauli,अगरौली
manuwal,मनुवाल
viskicha,विस्कीचा
guroodeva,गुरूदेव
palkhisobat,पालखीसोबत
rakkhee,रक्खी
suzi,सूझी
gudhawal,गुढ़ावल
components,कम्पोनेंट्स
peirvi,पैरवी
chhaddar,छद्दर
kudane,कुदने
munsubon,मुंसूबों
hajerichya,हजेरीच्या
chhavaaee,छवाई
faraao,फ़राओ
autoblogging,ऑटोब्लागिंग
punarravalokan,पुनर्रावलोकन
bhattimadhun,भट्टीमधून
mahaviddalaya,महाविद्दालय
barbel,बार्बेल
ghusataa,घुसता
weatherald,वेअठेराल्ड
jaatitva,जातित्व
duplicates,डुप्लिकेट्स
fusr,फुसर
brbnmpl,बीआरबीएनएमपीएल
kapikachu,कपिकाचु
geetikaa,गीतिका
nijghar,निजघर
sandesara,सांदेसरा
jalpad,जलपद
pathanamtitta,पथनमतित्ता
brahmalingeshwara,ब्रह्मालिंगेश्वर
wyakti,व्यकित
viewfinder,व्यूफाईंडर
purgurur,पुरगुरूर
umravali,उमरावली
jagarbandhu,जगरबंधु
chhodtah,छोड़ताह
khashozi,खाशोज़ी
saloniyon,सलोनियों
relining,रिलाइनिंग
bhalemanus,भलेमानुस
shray,श्रय
khaneri,खनेरी
gyanalok,ज्ञानालोक
tarih,तरीह
rescuer,रेस्क्यूअर
whatup,व्हाटअप
sarcopenia,सार्कोपेनिया
abtalak,अबतलक
boeticst,बीटिक़्स
naazir,नाज़िर
chaitya,चैत्य
wigdor,विगडोर
chromatin,क्रोमैटिन
karanyapekshahi,करण्यापेक्षाही
dhhassarhan,ढर्स्हन्
eyes,आईज
gandhiki,गांधीकी
amatris,अमात्रिस
redington,रेडिंगटन
jarajgi,जाराजगी
geotagged,जियोटैग्ड
maruthipuram,मारूतिपुरम
namnaresh,नामनरेश
gutareske,गुतारेसके
maddenhead,मैडेनहेड
mahiganj,माहीगंज
attawali,अट्टावाली
dufdumber,डफडंबर
lecturers,लेकचरर्स
onboard,आनबोर्ड
barahmahal,बारहमहल
baavaan,बाँवां
dhumimal,धूमीमल
sureyya,सुरेय्या
ibadaten,इबादतें
rehtey,रहते
edourad,एडुअर्ड
gilauriyon,गिलौरियों
holit,होलिट
roopasiyaan,रूपसियाँ
befkufi,बेफकूफी
zangpo,ज़ैंगपो
bhattatarya,भट्टाटार्य
daisil,डेसिल
mahaasanchaalakaanna,महासंचालकांना
jinmeiy,जिनमेइयो
dejyang,देज्यांग
arthsankalpache,अर्थसंकल्पाचे
bhadura,भदूरा
dehantar,देहान्तर
kutla,कुतला
rukmanbai,रुकमनबाई
atlantus,अटलांटस
gairsarkari,गैरसरकारी
saparivarasya,सपरिवारस्य
bertoji,बर्तोजी
partya,पार्ट्या
devashwar,देवश्वर
bhanutirth,भानुतीर्थ
rangme,रंगमे
krimchi,क्रिमची
wahbi,वहबी
vicharpravahon,विचारप्रवाहों
albumin,एल्ब्युमिन
shonur,शोनूर
vyasnagar,व्यासनगर
appearances,एपियरेंस
aahlaadsuchak,आह्लादसूचक
rohtank,रोहतांक
nongtner,नोंगटनर
padelkar,पडेलकर
haalaki,हालाँकि
mangaldan,मंगलदान
kavivachansudha,कविवचनसुधा
degna,डेगना
drakshbaganche,द्राक्षबागांचे
jaranwal,जारनवाल
deveshwari,देवेश्वरी
abhyaskramanmadhil,अभ्यासक्रमांमधील
adilpur,आदिलपुर
talasparshi,तलस्पर्शी
sunwaha,सुनवाहा
upshant,उपशान्त
aadilla,आदिल्ल
reenchh,रींछ
wrestlemania,रेसलमेनिया
bodband,बॉडबैंड
koshaghyaksh,कोषाघ्यक्ष
ramanchak,रामांचक
kshamaayaachi,क्षमायाची
sakhtakalami,सख्तकलामी
gahaari,गहारी
chandrahi,चन्द्राही
palayam,पलयम
satnar,सतनार
anf,एएनएफ
parvarsh,परवर्ष
marudon,मरुदों
homroom,होमरूम
vishveshan,विश्वेषण
og,ओग्
sudhanya,सुधान्य
moments,मूमेंट्स
shartarahit,शर्तरहित
narishtha,नरिष्ठा
bhairwal,भैरवाल
aastane,आस्ताने
judwati,जुड़वाती
prodhaugiki,प्रोधौगिकी
harkiran,हरकिरण
drudheekarann,दृढ़ीकरण
photosamne,फोटोसामने
sahityanuragi,साहित्यानुरागी
dimential,डायमेंशियल
apatyachya,अपत्याच्या
jogwada,जोगवाड़ा
tadabache,तदाबाचे
dehola,देहोला
haldipurkar,हल्दीपुरकर
lanaaye,लनाए
mitraghati,मित्रघाती
chhevin,छेवीं
kubhagya,कुभाग्य
philphot,फिलफॉट
sangharshaane,संघर्षाने
gabra,गाबरा
diggiyan,डिग्गियां
mortiser,मॉर्टाइज़र
anglal,अंगलाल
parikshapariksha,परीक्षापरीक्षा
sabiruddin,सबीरूद्दीन
thokur,तोकुर
ashleigh,एशलीग
darimi,दारिमी
poorvaz,पूर्वज़
davlali,दवलाली
quarsema,क्वारसेमा
bhavantar,भावान्तर
atev,अतेव
nayamat,नयामत
atakaaye,अटकाये
agniezka,एग्निएज्का
thathiyaa,ठठिया
impeller,इमपेलर
tathaakathik,तथाकथिक
pheete,फीते
lakshmipur,लक्ष्मीपुर
recrestalization,रीक्रिस्टलाइजेशन
jorda,जोर्डी
nigamsonu,निगमसोनू
shatike,शतीके
sajaayin,सजायीं
groupdance,ग्रुपडांस
netrasena,नेत्रसेन
nasteebaddh,नस्तीबद्ध
dawamukti,दावामुक्ति
mursleen,मुरस्लीन
vritasur,वृतासुर
minitus,मिनिटस
paibangar,पैबंगर
tollhouse,टोलहाउस
dushpravritiyan,दुष्प्रवृतियां
bataidar,बटाइदार
blanny,ब्लैनी
prasangat,प्रसंगत
netravalkar,नेत्रवल्कर
tindivanam,तिंडिवनम
anusuchijati,अनुसूचिजाति
pathaarbhe,पठारभे
bhote,भोत
kalikoh,कालीकोह
denwala,देनवाला
rattanakar,रत्तनाकर
vidupriya,विदुप्रिया
padrtiyon,पद्रतियो
dabauli,दबौली
daaruhaldee,दारुहल्दी
saifurrahman,सैफुर्रहमान
nangrahar,नांगराहार
visicalc,विजीकाल्क
pacfa,पीएसीएफए
musanda,मुसंडा
skoutguide,स्काउटगाइड
sriannapoornashtami,श्रीअन्नपूर्णाष्टमी
albert,आल्बेर्ट्
jamaakhoree,जमाखोरी
lijli,लिजली
bifocal,बाईफोकल
talchar,तल्चर
kaftan,कफ्तान
ujjayi,उज्जयी
kinesis,काइनेसिस
tomoko,तोमोको
esplanade,एस्पलेनेड
willcox,विलकॉक्स
jaliawala,जलियावाला
srital,श्रीताल
amiben,अमिबेन
swarnbang,स्वर्णबंग
corvette,कोरवेट
karamallahu,करमल्लाहू
nawajit,नवाजित
vaishlar,वैश्लर
ambitions,एम्बिशंस
praveenache,प्रवीणचे
bhayal,भायल
bulldosers,बुलडोज़र्स
saritaaen,सरिताएं
olamba,ओलंबा
sutronkimanen,सूत्रोंकीमानें
jalparnila,जलपर्णीला
hasane,हंसने
suratpal,सुरतपाल
satraavasit,सत्रावसित
butschek,बुश्चेक
chhoti,छोती
jaatikaaen,जातिकाएं
chitor,चितोर
ghughlia,घुघलिया
kahuara,कहुआरा
giriphtariyan,गिरफ्तारियां
stunty,स्टंटी
jampana,जंपना
pommie,पॉमी
kabjedaaron,कब्जेदारों
institut,इंस्टीटयूट
bhaagavataachaarya,भागवताचार्य
saanmati,सन्मति
raktabhar,रक्तभार
soodas,सुदास
juhemann,जुहेमान
itnaa,इतना
framingham,फ्रमिंघम
blogging,ब्लोगिंग
cambridgesher,कैम्ब्रिजशर
hajla,हजला
shesharatnam,शेषरत्नम
antimate,एंटीमेट
upmahaaddheep,उपमहाद्धीप
dugdhavyavasayachya,दुग्धव्यवसायाच्या
gariyaayega,गरियाएगा
ujabeik,उज्बेक
duggad,दुग्गड़
adhikariji,अधिकारीजी
taiyam,तैयम
indexation,इनडेक्सेशन
chaibar,चाइबर
fricatives,फ्रिकेटिव्स
bhattachayarya,भट्टाचायर्य
genetically,जेनेटीकली
sirmen,सिरमें
nabinzia,नाबिनज़िया
jonkers,जोंकर्स
tibrani,तिबरानी
middukheda,मिड्डूखेड़ा
kupu,कुपु
jilhadhikarich,जिल्हाधिकारीच
pariyojanaaon,परियोजनाओं
storeroom,स्टोररूम
tuiriyal,तुइरियाल
virelesh,वायरलेश
ongmu,ओंगमू
funaki,फ़नाकी
udaaungi,उड़ाऊँगी
padhavaayega,पढ़वायेगा
kondalia,कोंडालिया
sochanevichaarne,सोचनेविचारने
kamaldin,कमलदीन
cmie,सीएमआइई
vishwavidhaalayi,विश्वविधालयी
canvasing,कैन्वेसिंग
sadete,सदेते
instama,इंस्टामा
harras,हर्रास
sulper,सल्पर
khadgabahu,खड्गबाहु
divisual,डिविजुअल
catford,कैटफर्ड
nagarja,नागर्जा
ugmac,यूजीएमएसी
containerschya,कंटेनर्सच्या
mahendradutt,महेन्द्रदत्त
munsey,मनसे
damkam,दमकम
thorat,थरोट
swahayata,स्वहायता
vyakaranvid,व्याकरणविद्
ghungrali,घुंगराली
keratong,केरातोंग
shobhanyog,शोभनयोग
ishwarkahi,ईश्वरकाही
dialute,डायल्युट
kistar,किस्तर
tuljalena,तुलजालेणा
supandi,सुपांडी
bhupsih,भूपसिह
kinaliada,किनैलिएडा
adyaavadhik,अद्यावधिक
biyamba,बियांबा
yagyamani,यज्ञमणि
ravindramohan,रविंद्रमोहन
familiarisation,फेमिलियराइज़ेशन
sahatu,सहतु
majurdaranche,मजुरदारांचे
tejbattiwala,तेजबत्तीवाला
dhauke,धौके
keballebaajon,केबल्लेबाजों
kolhapursarkhi,कोल्हापूरसारखी
twist,टिवस्ट
purvanchala,पूर्वांचला
ghodwa,घोडवा
khuberam,खूबेराम
kaushalo,कौशलो
hathkandebaji,हथकंडेबाजी
archean,आर्कियन
chukalaat,चुकलात
railwayman,रेलवेमेन
kimbley,किम्बली
matrkon,मात्रकों
yagyamay,यज्ञमय
hartesh,हरतेश
kurukh,कुरूख
shikshananimitta,शिक्षणानिमित्त
harishnagar,हरीशनगर
pichchal,पिच्छल
jyotishiji,ज्योतिषीजी
bahutsara,बहुतसारा
dhrodia,ध्रोडिया
sthaankaajavalchaa,स्थानकाजवळचा
banoo,बनूँ
haaranen,हारनें
sequencing,सिक्वेन्सिंग
baune,बौने
lavanagrast,लवणग्रस्त
amrtisar,अमृतसर
mehdin,मेहदीन
sallya,सल्ल्या
pahake,पहके
chillaaogi,चिल्लाओगी
honeya,होनेया
pranimatra,प्राणीमात्र
chamatkarini,चमत्कारिणी
yantrasamugriche,यंत्रसामुग्रीचे
buhaibuh,बुहैबुह
ames,एम्स
machlana,मचलाना
resistance,रेसस्टेंस
abyssinia,एबीसिनिया
vajvati,वाजवती
udarvomukhi,उदर्वोमुखी
jalprakriya,जलप्रक्रिया
samandaron,समंदरों
mulgarh,मूलगढ़
monathas,मोनथस
tapkshetra,तपक्षेत्र
dooniya,दूनिया
dauharaati,दौहराती
chheyar,छेयर
pustola,पुस्तोला
gopuchhaakaar,गोपुच्छाकार
jaarg,जार्ग
germanjeet,जर्मनजीत
chauthiyar,चौथियार
bharalhadi,भरलहाड़ी
lovan,लोवान
gyaandhar,ज्ञानधर
krenman,क्रेनमैन
fluppy,फ्लपी
divilliers,डिविलीयर्स
lakinparty,लेकिनपार्टी
atmobiswas,अत्मोबिस्वास
ajgaiba,अजगैबा
miljo,मिल्जो
bhrantigrast,भ्रांतिग्रस्त
upachari,उपचारी
mereta,मेरेता
nallikel,नल्लिकेल
meghashree,मेघाश्री
tabdiliyon,तब्दिलियों
fvr,एफवीआर
pahilwan,पहिलवान
shadhaena,शाधैणा
nangma,नंगमा
vijita,विजीता
janapadhon,जनपदों
sonila,सोनीला
khairbhar,खैरभार
jamiwar,जामावर
gomateche,गोमातेचे
doodhadaatri,दूधदात्री
melicher,मेलिचर
chhangchhun,छांगछुन
sphurtik,स्फूर्तिक
kichlu,किचलु
alalavpur,अलालवपुर
soochakankon,सूचकांकों
mandalvadiyon,मंडलवादियों
tikaton,टिकटों
keelers,कीलर्स
batticaloa,बट्टिकलोआ
kyahua,क्याहुआ
hawasupai,हवासुपाई
maruthuganesh,मारुथुग्नेश
ghamon,गमों
araatiyaat,अरातियात्
karannath,करणनाथ
umravnath,उमरावनाथ
jaaegya,जाएगा
sidhagarghat,सिधागरघाट
nakao,नकाओ
kuchamahajani,कुचामहाजनी
anreja,अनरेजा
vattakottai,वट्टकोट्टई
congressne,कांग्रेसने
sustainability,सस्टेनबिलटी
chauhanpatti,चौहानपट्टी
byanakheda,ब्यानाखेड़ा
waihong,वाइहोंग
twajo,त्वजो
heron,हेरॉन
hmgc,एचएमजीसी
hatkarwadi,हटकरवाड़ी
maymol,मेयमोल
kotivarun,कोटीवरुन
vizinagaram,विजीनगरम
ruhail,रुहेल
rahuamani,रहुआमणि
punarniviniyog,पुनर्निविनियोग
navkrishna,नवकृष्ण
shorpshooter,शॉर्पशूटर
rambinod,रामबिनोद
mahabhujang,महाभुजंग
phodega,फोडेगा
devipada,देवीपाडा
prsa,पीआरएसए
akodaa,अकोड़ा
dihydrotesterone,डायहाइड्रोटेस्टेरोन
dohariya,दोहरिया
kaakodkar,काकोड़कर
saradananda,सारदानन्द
adhyayanpeeth,अध्ययनपीठ
collymore,कोलीमोर
garvaanubhooti,गर्वानुभूति
khatyankadun,खात्यांकडून
eubacteria,यूबैक्टीरिया
kotahiyon,कोताहियों
dbhatya,द्भत्य
chhaatine,छातीने
gmax,जीमैक्स
bataoge,बताओगे
bhawanipatna,भवानीपाटना
dhundale,धुंधले
embrella,एम्ब्रेला
repair,रीपेयर
dhangadhimai,धनगढीमाई
peding,पैंडिंग
corbe,कोर्बे
harlyane,हरल्याने
chhailu,छैलू
durjano,दुर्जनो
sudharanemadhye,सुधारणेमध्ये
malvarkar,मालवरकर
mrilvrint,मृलवृंत
angelino,एंजेलिनो
oobaahat,ऊबाहट
yavonne,यवोन्ने
dharanakshamta,धारणक्षमता
dootvaas,दूतवास
sibjayan,सिब्जयां
chhatarpal,छत्रपाल
sarisatoli,सरिसाटोली
gombeatta,गोंबेअट्टा
frenzy,फ्रेंजी
gttingen,गॉटिनजेन
besnia,बेसनिया
parosat,परोसत
chandanhosur,चंदनहोसूर
shivatirthajaval,शिवतीर्थजवळ
alanqaarit,अलंकारिक
sebotpadan,सेबोत्पादन
gaiseekaran,गैसीकरण
invertebrates,इंवर्टीब्रेट्स
gaanvame,गाँवमे
merlban,मेर्लबन
amiyo,आमियो
tiruchendur,तिरूचेन्दूर
saigam,सैगम
sabza,सब्ज़ा
daytime,डेडटाइम
dbtc,डीबीटीसी
ekjan,एकजान
nanoclean,नैनोक्लीन
nejavaanon,नेजवानों
paligraf,पालीग्राफ
rujlelya,रुजलेल्या
arthakopiya,अर्थकोपिया
sakrant,सक्रांत
sanrachanaen,संरचनाएँ
rajistrat,रजिस्ट्राट
jagritpane,जागृतपणे
gauraha,गौरहा
ballabaje,बल्लबाजे
guhagar,गुहागर
capiraaj,कपिराज
makarasth,मकरस्थ
sportscaster,स्पोर्ट्सकास्टर
poochhiyega,पूछिएगा
osmanbhai,उस्मानभाई
shankaaebhi,शंकाएभी
francemadhil,फ्रान्समधील
natkiyata,नाटकीयता
winstead,विन्स्टीड
jankalyanak,जनकल्याणक
agnipeediton,अग्निपीड़ितों
atindreeya,अतीन्द्रिय
momjunction,मॉमजंक्शन
bumbru,बम्ब्रू
hetut,हेतुत
allopathic,एलोपेथिक
kharaunt,खरौंट
fluxes,फ्लक्स
auranaagariktaa,औरनागरिकता
cordiro,कोर्डीरो
kodagaon,कोदागांव
jhinkan,झींकन
chandrakantane,चंद्रकांतने
sasjag,ससजग
jarbing,जार्बिंग
mafatnagar,मफतनगर
hfs,एचएफएस
vemudi,वेमुडी
leadria,लीडरिया
davalgiri,दावलगिरी
raseena,रसीना
nirsat,निरसत
espar,एस्पार
subbarami,सुब्बीरामी
pranyanshi,प्राण्यांशी
pratirakshaapranaali,प्रतिरक्षाप्रणाली
gopis,गोपियों
banjaranama,बंजारानामा
vamanbhaunchya,वामनभाऊंच्या
agsplore,एग्सप्लोर
sumedhala,सुमेधला
yachama,यचामा
tahamida,तहमिदा
gunataa,गुनता
kaarbaariyon,कारबारियों
milavaram,मिलावरम
natakatva,नाटकत्व
kodikunnil,कोदिकुन्निल
danilo,दानिलो
crtdh,सीआरटीडीएच
phaharenge,फहरेंगे
rajganar,राजगनर
ravipradosh,रविप्रदोष
sutomu,सुतोमु
sahjikach,साहजीकच
atyacharit,अत्याचारित
kharidiyon,खरीदियों
residencies,रेसीडेंसीज
dakachya,डकाच्या
indalkar,इंदलकर
pillis,पिलिस
bockt,बॉक्ट
siddhikaarak,सिद्धिकारक
chuumen,चूमें
rokanyasathi,रोकण्यासाठी
tohikmat,तोहिकमत
chumar,चूमर
earville,इयरविल
saniyon,सनियों
carterage,कार्टरेज
mansehra,मनसेरा
jamshora,जमशोरा
hakamchand,हकमचंद
gandhke,गंढके
acetapholia,एसिटाफोलिया
anubala,अनुबाला
igpa,आईजीपीए
kaumarya,कौमर्य
vidhyaaddhyayan,विद्याध्ययन
urbanclap,अर्बनक्लेप
chirti,चीरती
chandrashekhra,चंद्रशेखर
defilect,डिफिलेक्ट
boulevard,बुलोवर्ड
jyoticha,ज्योतीचा
shudratva,शुद्रत्व
upakaraache,उपकराचे
sja,एसजेए
plaksh,प्लक्ष
friendica,फ्रेंडिका
khidakiyan,खिड़कियां
alpaahaar,अल्पाहार
panchot,पांचोट
repots,रिपोट्स
dhalakane,ढलकने
chakravat,चक्रवत
bramhandotsav,ब्रम्हाण्डोत्सव
prakarhai,प्रकारहै
malop,मलोप
hypoelergenic,हाइपोएलेर्जेनिक
sulemani,सुलेमनी
nilufar,निलुफर
sanlagni,संलग्नी
polisani,पोलीसानी
janayab,जनायाब
tackles,टैकल्स
nrsc,एनआरएससी
battipura,बत्तीपुरा
demaphilis,डेमाफिलीस
magashi,मगाशी
sumitjine,सुमितजीने
lunches,लंच
niyamiti,नियमिती
pietin,पीटिन
sanskritise,संस्कृतिसे
sangarelu,संगरेलू
ghahutare,घहुतरे
naazukataa,नाज़ुकता
abhayprasad,अभयप्रसाद
jasuri,जसुरी
nalotu,नलोटू
bohake,बोहके
multaan,मुल्तान
vadhisht,वधिष्ट
vlr,वीएलआर
albano,अल्बानो
avilamab,अविलमब
mulasmore,मुलासमोर
sikhwa,सिखवा
etatdwara,एततद्वारा
tansverse,टांसवर्स
plvs,पीएलवीज
bijhavaar,बिझवार
asaleeat,असलीअत
kintoor,किन्तूर
muuseeqee,मूसीक़ी
kanpuria,कानपुरिया
swasthatapoorvak,स्वस्थतापूर्वक
udayji,उदयजी
kodegu,कोडगू
prakalpaatit,प्रकल्पातीत
parvartit,पर्वर्तित
kelwada,केलवाड़ा
govyamadhyehi,गोव्यामध्येही
shushkarevati,शुष्करेवती
sevottam,सेवोत्तेम
progshala,प्रोग्शाला
vishnukant,विष्णुकान्त
sawanga,सवांगा
chitragu,चित्रगु
swamibhakt,स्वामिभक्त
mahalakmi,महालक्मी
vonnegut,वोनेगुट
ripourt,रिर्पोट
cognizant,कॉग्निज़ैंट
bhajanansah,भजनांसह
putrathe,पुत्रथे
phuljhadiyon,फुलझड़ियों
sahayakpadi,सहायकपदी
balabakhsh,बालाबख्श
pashinyan,पाशनियान
msv,एमएसवी
bhuptani,भूपतानी
vibhavkhand,विभवखंड
bikaji,बिकाजी
kripalu,कृपालू
disuhi,दिसूही
adbhutah,अद्भुतः
sureshpuri,सुरेशपुरी
yukimitsu,युकिमित्सु
progesterone,प्रोजेस्ट्रॉन
khushaldas,खुशालदास
patakati,पटकती
najibkhan,नजीबखान
troiki,त्रोइकी
bamhar,बमहर
nostro,नॉस्ट्रो
prepeasy,प्रीपीजी
duqaan,दुक़ान
aadhaarshilaaen,आधारशिलाएं
fayadevajan,फायदेवजन
maapvijnaan,मापविज्ञान
joston,जोस्टन
dobby,डॉबी
jinayatan,जिनायतन
kariyavasana,करियावासन
chaugulene,चौगुलेने
girjabandh,गिरजाबंध
anurakshit,अनुरक्षित
hvof,एचवीओएफ
sadaipur,सदाईपुर
mallasur,मल्लासुर
usinegupta,उसीनेगुप्त
krittikaayen,कृत्तिकायें
khushai,खुशई
upvibhagachya,उपविभागाच्या
aawaargi,आवारगी
adkar,अदकर
ecosounder,ईकोसाउंडर
kokunala,कोकूनाला
varjesh,वरजेश
pranpratishthit,प्राणप्रतिष्ठित
hitdharakon,हितधारकों
chukaayen,चुकायें
checkpoint,चेकपाइंट
akhileshchandra,अखिलेशचंद्र
ghathit,घठित
loniv,लोनिव
twipple,ट्विपल
gurudeb,गुरुदेब
musculin,मस्क्युलिन
nagusingh,नागूसिंह
marja,मार्जा
aamantrit,आमन्त्रित
cfs,सीएफ़एस
dhoondhogi,ढूँढोगी
erythropoirin,इरिथ्रोपोइरिन
parvitra,पर्वित्र
pravasalahi,प्रवासालाही
appretiation,एप्रीशियेशन
uthaaneko,उठानेको
bhoomikevarhi,भूमिकेवरही
drellen,ड्रेलन
jamsamarthan,जमसमर्थन
sandup,संदूप
kilaad,किलाड़
vrakt,व्रक्त
adhyeyan,अध्येयन
ulaako,उलाको
mahamanvachya,महामानवाच्या
automobil,ऑटोमोबिल
chilaru,चिलारू
ekansh,एकांश
sambandhanusar,सम्बन्धानुसार
pasankhyakon,पसंख्यकों
nakaarega,नकारेगा
bastani,बास्तानी
vidang,विदांग
toxikc,टॉक्सिक
prkunchn,प्रकुंचन
mallikarjun,मल्लिकाअर्जुन
upakaptaani,उपकप्तानी
shatruvimanon,शत्रुविमानों
nvme,एनवीएमई
chikistako,चिकिस्तको
tanvade,तानवडे
doobh,दूभ
chayanoparant,चयनोपरांत
pariddashya,परिद्दश्य
janakinath,जानकीनाथ
laganshah,लगनशाह
sankshir,संक्षीर
vellet,वेलेट
mishrik,मिश्रिख
saiffulah,सैफुल्ला
vyaparpeth,व्यापारपेठ
mujwant,मुजवंत
laabhaansh,लाभांश
singaramani,सिंगारमणि
shinganapurchi,शिंगणापूरची
panktika,पंक्तिका
ghiroge,घिरोगे
tiruldih,तिरूलडीह
talukavasiya,तालुकावासीय
kunwaraanee,कुंवरानी
kally,कैली
santancha,संतांचा
lumper,लंपर
hepsibah,हेप्सिबा
bansiwal,बंसीवाल
madantusi,मदंतुसी
carbonates,कार्बोनेटों
sunghao,सुंघाओ
achhala,अछला
depute,डिप्यूट
hindutvwadi,हिन्दुत्ववादी
chloroprine,क्लोरोप्रिन
buddhikarmi,बुद्धिकर्मी
rathodon,राठोडों
gandhariyon,गान्धारियों
tyalgatche,त्यालगतचे
chosara,चौसर
mukkiya,मुक्किया
albanian,अलबानियावासी
dabachiwadi,दाबाचीवाडी
madauna,मडौना
trachoma,ट्रेकोमा
katesar,कटेसर
broadley,ब्रोडली
sutur,सुतुर
parddhaon,पर्द्धाओं
purvajon,पूर्वजों
marojo,मरोजो
tamhane,तम्हाने
saakal,शाकल
obstratics,ऑब्स्ट्रेटिक्स
diasuke,डायसुके
jankia,जनकिया
kavan,कवन
devgat,देवगत
pahilyapeksha,पहिल्यापेक्षा
narmadaatat,नर्मदातट
yagkar,यागकर
licitor,लिसिटर
advani,आ़डवाणी
yifei,यिफेई
bhaktonke,भक्तोंके
thevanyasathihi,ठेवण्यासाठीही
ninglu,निंगलू
pandrahi,पंद्रही
siramen,सिरमें
fibroblast,फाइब्रोब्लास्ट
cytica,साइटिक
motofumi,मोटोफुमी
thunkta,थुंकता
tuada,तुआडा
ranchhoddas,रणछोडदास
kalamassery,कलमस्सेरी
suft,सफ्ट
amirinder,अमिरिंदर
baarahin,बारहवीं
pesos,पेसोस
chirldan,चिर्ल्डन
aroh,अरोह
biosecurity,बायोसेक्यूरिटी
niptani,निपटानी
margareta,मार्गरेटा
hyperalyptic,हाइपरेलिप्टिक
ujaati,उजाती
dwibhaji,द्विभाजी
vakilwa,वकिलवा
sriramanuj,श्रीरामानुज
banjarpatti,बंजरपट्टी
manglaj,मंगलाज
gungru,गुंगरु
pahonchkar,पहोंचकर
trafford,ट्रेफर्ड
sthanadharit,स्थानाधारित
jacobabad,जकोबाबाद
rajavardhan,राजवर्द्धन
guruvinder,गुरुविन्द्र
merutung,मेरुतुंग
advertisement,एडवर्टाइजमेन्ट
girthan,गिरथान
tanhar,तनहार
taironae,टेरोने
kakroli,ककरोली
telcon,टेलकॉन
magrur,मगरूर
sindurpankh,सिंदूरपंख
herafer,हेराफेर
ukshanyaayane,उक्षण्यायने
gujaraatmadh,गुजरातमध्
partivaji,पार्टीवाजी
leimakhong,लेईमाखोंगा
poonjivihin,पूंजीविहीन
artimisinin,आर्टिमीसिनिन
sadhanalaya,साधनालय
umbilical,अमबिलिकल
shilan,शिलान
aseana,एशियाना
bapavirodhat,बापाविरोधात
kotsari,कोटसारी
homwati,होमवती
kagti,कागती
kshetranshi,क्षेत्रांशी
najarbandi,नजरबन्दी
ritaabrat,रिताब्रत
aamchyakadedekhil,आमच्याकडेदेखील
sagarnama,सागरनामा
jatinder,जतिंदर
kababan,कबाबन
abrinder,अबरिंदर
sanethu,सनेथू
dhillwan,ढिल्लवां
savaalii,सवाली
splander,स्प्लैण्डर
shavisagar,शविसागर
pangal,पंगल
goretti,गोरेट्टी
sundargarh,सुन्दरगढ़
israiliyon,इसराइलियों
sundarpatti,सुन्दरपट्टी
leenchi,लींची
supatra,सुपात्रा
bitkins,बिटकिन्स
misling,मिसलिंग
confessionary,कंफेशनरी
thermosets,थर्मोसेट्स
leliye,लेलिए
sourbazar,सोरबाजार
savedana,सवेदना
atinipun,अतिनिपुण
broach,भड़ौंच
ubhaadane,उभाड़ने
seekhbhari,सीखभरी
amoeba,अमीबा
bemganj,बेमगंज
khichad,खिचड़
mayavatiki,मायावतीकी
kechagioglou,केचागिओग्लो
falkavareel,फलकावरील
pive,पाइव
sthankamarge,स्थानकामार्गे
fellini,फेल्लिनी
methematica,मेथेमेटिका
formaladehyde,फार्मलाडिहाइड
pinisetty,पिनिसेट्टी
charitrahina,चरित्रहीना
takeshwar,टकेश्वर
aamchyakadche,आमच्याकडचे
pranimatranchya,प्राणीमात्रांच्या
nabalak,नाबालक
pradooshanastar,प्रदूषणस्तर
shyamvati,श्यामवती
ramsgate,रैम्सगेट
vijayamalya,विजयमाल्या
aherwadi,आहेरवाडी
kulaura,कुलाउरा
yagyapavit,यज्ञापवित
gce,जीसीई
sungyun,सुंगयुन
prashansh,प्रशंश
westernised,वेस्टर्नाइज्ड
hakiki,हकीकी
vibhagam,विभागम
depositories,डिपॉजिटरीज
swavishay,स्वविषय
natu,नटू
menchidambaram,मेंचिदंबरम
jasmahinder,जसमहिंद्र
vanasampadechya,वनसंपदेच्या
asalyachanch,असल्याचंच
bdds,बीडीडीएस
dembo,डेम्बो
kathyapurna,कथ्यपूर्ण
gajal,गजल
niberu,निबेरू
flavonolygnine,फ्लेवोनोलिग्निन
bakasur,बकासुर
kshatigras,क्षतिग्रस्
lakerhazaron,लेकरहजारों
shendurjana,शेंदुरजना
shramsadhakon,श्रमसाधकों
neshan,नेशान
manalich,मानालिच
incorporation,इनकारपोरेशन
kaireesa,कैरीसा
adhiabhipeedbludi,अधिअभिपीडब्लूडी
yamlila,यमलीला
lagaega,लगाएगा
gultekadi,गुलटेकडी
banvaee,बनवाई
raatrikaleen,रात्रिकालीन
clients,क्लाइंट्स
naagfaniyaan,नागफनियाँ
seedheeyon,सीढ़ियों
nipponese,निप्पोनीज़
trumpo,ट्रम्पो
kamjoriyo,कमजोरियो
gujaratpramane,गुजरातप्रमाणे
vikramoryavashiyam,विक्रमोर्यवशियम्
dhanabhimani,धनाभिमानी
snehashish,स्नेहाशिष
valvalkar,वालवलकर
dhamaayega,धमाएगा
rubique,रूबिक
nahartaharpur,नाहरताहरपुर
rodchhappar,रोड़छप्पर
shahrukhcha,शाहरुखचा
pradanacha,प्रदानाचा
ukcisa,यूकेसीआईएसए
diveroli,डाइवरोली
bramble,ब्रैम्बल
akoni,अकोनी
tenabut,तेनाबूत
designed,डिज़ाइन्ड
jayamma,जयम्मा
ravichandar,रविचंद्र
ayyabainar,अय्याबैनर
nirmaataaen,निर्माताएं
charsia,चारसिया
debghar,देबघर
ghabaraiyega,घबराईयेगा
afvenantar,अफवेनंतर
radisson,रेडीसन
ayankar,आयंकर
mahara,महारा
maaruufaat,मारूफ़ात
naapi,नापी
keladhar,केलाधार
allora,एलोरा
chirmi,चिरमी
kolhapurmadhil,कोल्हापूरमधील
injoy,इनजॉय
zumakon,झुमकों
chandrayanagutta,चांद्रायनगुट्टा
khagani,खगनी
indpal,इंदपाल
chhedwa,छेदवा
pegoda,पेगोडा
smpattiyan,सम्पत्तियां
ghinahe,घिनहे
limgaon,लिमगांव
rahamadil,रहमदिल
expressche,एक्स्प्रेसचे
dilabad,दिलाबाद
bhoovarahandesikan,भूवरहनदेसिकन
mutual,म्यूचल
uchhalani,उछलनी
jeendaan,जीनदान
pradhikaranavaril,प्राधिकरणावरील
pardarshipana,पारदर्शीपणा
deekhil,दीखिल
toxide,टाक्साइड
kaatadi,काटदी
atimandra,अतिमन्द्र
awasini,आवासिनी
ijacking,आर्इजैकिंग
chaahvegi,चाहवेगी
kingsford,किंग्जफोर्ड
aupp,एयूपीपी
plamatic,प्लामेटिक
chakmein,चकमें
setinye,सेटिन्ये
konikalane,कोनिकलने
chichen,चिचेन
reeker,रीकर
bhaiband,भाईबन्द
sangria,सांगरिया
giripal,गिरिपाल
roomjhoom,रूमझूम
movie,मुवी
pems,पीईएमएस
favtana,फावताना
pratyeh,प्रत्येह
saikapur,सैकापुर
chandrani,चन्द्रानी
avishek,अविषेक
woolich,वूलिच
manufacturers,मैन्यूफेक्चरर्ज
insyrlic,इंसिरलिक
jeetaaye,जीताए
pramaanicta,प्रामाणिकता
shikoku,शिकोकू
braga,ब्रागा
kantiram,कांतिराम
shorir,शोरीर
punahsanyojit,पुनःसंयोजित
ghatiwala,घाटीवाला
tilipiya,तिलिपिया
graminshahri,ग्रामीणशहरी
subhagsen,सुभागसेन
manchava,मंचवा
padukayen,पादुकाएं
khumbu,खुम्बू
ashantipurna,अशान्तिपूर्ण
gulya,गुल्य
halcate,हैलकेट
sanrakshandataon,संरक्षणदाताओं
sheld,शेल्ड
sankamphaeng,संकंपेंग
scalpers,स्कैल्परों
praganako,प्रगणको
vilinius,विलिनियस
septawas,सेपटावास
jardanwasiyon,जार्डनवासियों
sooktam,सूक्तम्
safaachat,सफाचट
mailody,मेलोडी
babunagar,बाबूनगर
airfields,एयरफील्डस
kumartunga,कुमारतुंग
revadih,रेवाडीह
gujarla,गुजरला
bataebhaskar,बताएभास्कर
aatmasth,आत्मस्थ
anarica,एनारिका
swint,स्विंट
optimising,ऑप्टिमाइजिंग
elbit,एल्बिट
hanichi,हानीची
muktimilati,मुक्तिमिलती
khilii,खिली
aspeniol,एस्पेनियोल
wikimeniya,विकीमेनिया
jariwala,जरिवाला
sansthadhyaksh,संस्थाध्यक्ष
rakenge,रकेंगे
rajinamyabaddal,राजीनाम्याबद्दल
dramatics,ड्रैमेटिक्स
padbhanabhpur,पद्भनाभपुर
killanthus,किलैन्थस
janamaa,जनमा
nimdyan,नीमद्यान
gampalagudem,गमपालगुडेम
billibritish,बिल्लीब्रिटिश
habizness,हैबिजनेस
dishaadhipati,दिशाधिपति
dwinama,द्विनामा
bakhuti,बखूती
shubhadarshini,शुभदर्शिनी
kuvalayamala,कुवलयमाला
webbrouser,वेबब्राउजर
composure,कम्पोज़र
moharon,मोहरों
andheru,अंधेरु
striyanmadhye,स्त्रियांमध्ये
sujale,सुजले
bibhash,बिभाष
mudrita,मुद्रिता
gangaulia,गंगौलिया
tendulotha,तेंदूलोथा
landline,लेंडलाइन
aateke,आटेके
windbana,विंडबना
shitondi,शितोंडी
jamadobu,जामाडोबु
backspin,बैकस्पिन
mukabalah,मुकाबलाः
formulo,फार्मूलो
bhartisadan,भारतीसदन
increment,इन्क्रीमेंट
swapnakade,स्वप्नाकडे
gudincha,गुडींचा
entrepreneur,एन्ट्रप्रेन्युर
kagalsah,कागलसह
lesua,लेसुआ
challet,चैलेट
akramcha,अक्रमचा
sawantnath,सावंतनाथ
madhyalach,मध्यालाच
rasulanbai,रसूलनबाई
bikarji,बिकारजी
sanrachaon,संरचाओं
pahatela,पहाटेला
tabriji,तब्रीजी
brexia,ब्रेक्सिया
antidiabetes,एंटीडायबिटीज
trooms,ट्रूम
hectares,हेक्टयर
janmapasoon,जन्मापासून
krishivid,कृषिविद्
pharmalucence,फार्माल्यूसेंस
pkg,पीकेजी
bidhaastapane,बिधास्तपणे
jagajjanani,जगज्जननी
boddhikon,बोद्धिकों
khoku,खोकु
ponja,पोंजा
birlanagar,बिरलानगर
nakata,नाकाटा
saatjanmon,सातजन्मों
puravaai,पुरवाई
parosha,परोशा
bangalorasthit,बेंगलोरस्थित
coscoff,कोस्कॉफ
iskemal,इस्केमाल
majmoom,मजमूम
basavanahali,बसवनहाली
bhramniras,भ्रमनिरास
normothermic,नोर्मोथर्मिक
manseerat,मनसीरत
aipavaa,ऐपवा
adillah,अदिल्ला
braauz,ब्राउज़
proprietership,प्रोपराइटरशिप
padsalgikar,पडसलगीकर
anubhootiyon,अनुभूतियों
ameenabad,अमीनाबाद
biology,बायोलाजी
ebing,इबिंग
sthahanon,स्थाहनों
protests,प्रोटेस्टस
anaavritt,अनावृत्त
jonakar,जोनाकर
pharmacist,फार्मैसिस्ट
amaulipur,अमौलीपुर
upanidhi,उपनिधि
cpdo,सीपीडीओ
angunavela,अंगुनावेला
antarvarti,अंतर्वर्ती
isawal,इसावल
griharakshakanchya,गृहरक्षकांच्या
kramvarinusar,क्रमवारीनुसार
khirasara,खिरसरा
matkami,मतकामी
umamaheshwara,उमामहेश्वरा
ajinath,अजिनाथ
asawali,असावली
pashukhadyacha,पशुखाद्याचा
ghulmil,घुलमिल
inae,आईएनएई
lakshmanananda,लक्ष्मणानन्द
vashta,वश्ता
karibdham,करीबधाम
panayas,पनायास
mathuradutt,मथुरादत्त
gangwarsyun,गंगवारस्यून
lakshmanpur,लक्षमणपुर
retewali,रेतेवाली
ayutthaya,आयुथाया
wonderwall,वंडरवॉल
braispati,ब्रैस्पति
hosseini,होसेनी
dikauli,डिकौली
chitraksh,चित्राक्ष
airgone,एयरगोन
santoj,सन्तोज
rangebound,रेंजबाउंड
kirkirati,किरकिराती
panchastavi,पंचस्तवी
chhavigrahon,छविग्रहों
gdd,जीडीडी
nanancha,नानांचा
chhoskhorling,छोसखोरलिंग
locantion,लोकेंशन
tevations,टीवेशंस
guired,गाइर्ड
vikeerit,विकीरित
ashbah,अश्बाह
jeenbekov,जीनबीकोव
neemchawala,नीमचवाला
marurat,मरुरत
deosthale,देओस्थले
rapeseed,रेपसीड
vandak,वंदक
gundulpet,गुंडूलपेट
kaladalon,कलादलों
akshadand,अक्षदण्ड
petechua,पेटेचुआ
charnock,चार्नोक
amein,अमें
paraglading,पैराग्लैडिंग
satyagrahiyon,सत्यग्रहियों
acton,एक्टॉन
sookshmbhookamp,सूक्ष्मभूकंप
licensed,लाइसेंसित
trust,ट्रस्ट
chabutaron,चबुतरों
harapan,हरापन
norphoke,नॉरफोक
lakhangaon,लखनगांव
risivaron,रिसिवरों
philippeli,फिलिप्पेली
ghudshaalaa,घुड़शाला
mitiyon,मितियों
gothyaanvar,गोठ्यांवर
marshalon,मार्शलों
hardanger,हैरडेंजर
virago,विरागो
dhasakyaane,धसक्याने
mansdorf,मैन्सडोर्फ
plurinational,प्लुरिनेशनल
gambler,गेम्बलर
dunes,ड्यून
moodhataa,मूढ़ता
ledovsky,लेडोवस्की
hadao,हटाओ
wandering,वांडरिंग
pachasvin,पचासवीं
satyaprkash,सत्यप्रकाश
kaligram,कलिग्राम
sainikasah,सैनिकासह
kaaryakatyaachi,कार्यकत्याची
prakarshta,प्रकर्षता
baseer,बसीर
atmyala,आत्म्याला
ondhi,ओंधी
fansaayegaa,फंसायेगा
sahalaaye,सहलाए
noohin,नूहीं
chandanhari,चंदनहारी
goto,गोतो
maanpoorvak,मानपूर्वक
skybox,स्काईबाक्स
gohito,गोहितो
sthis,स्थिस
mutralaya,मूत्रलय
hathighisa,हाथीघिसा
sahastrajit,सहस्त्रजीत
bamsefi,बामसेफी
portfolio,पॉर्टफोलियो
upperthide,अपर्थाइड
nunli,नुनली
traumacenter,ट्रॉमासेंटर
vikramach,विक्रमच
captchas,कैप्चास
melamine,मेलामाइन
rashtrapatinchyach,राष्ट्रपतींच्याच
krmg,केआरएमजी
lamuhala,लामुहाला
ratnali,रत्नाली
segharpariwar,सेघरपरिवार
ikhana,इखाना
mohrer,मोहरर
hydrophonic,हाइड्रोफोनिक
dhulaaven,ढुलावें
arkadi,अरकाडी
kharrana,खर्राना
karnail,कर्नैल
chutri,चुत्री
hathipar,हाथीपर
councin,काउंसिन
jindu,जिंदू
carbonates,कार्बोनेट
mangranchi,मांगरांची
morjhari,मोरझरी
mukbala,मुकबाला
namantarache,नामांतराचे
logra,लोग्रा
surkhiyan,सुर्खियां
rujhaana,रुझान
armorum,आर्मोरम
naharpur,नरहरपुर
polusson,पोलुसन
raajiyai,राजियै
iklehra,इकलेहारा
cotterell,कॉटरेल
saboy,सबॉय
shudvadvait,शुद्वाद्वैत
chikitsaamitra,चिकित्सामित्र
rameshwari,रमेश्वरी
hydrated,हाईड्रेटेड
thoratji,थोरातजी
kamhede,कम्हेड़े
yayalon,यायलों
thanadhipati,थानाधिपति
dharinder,धरिंद्र
apaharam,अपहरम
khurpainch,खुरपैंच
photosathi,फोटोसाठी
narendragiri,नरेन्द्रगिरि
thayel,थयेल
durghatanepasoon,दुर्घटनेपासून
payanaayak,पयनायक
patande,पटांडे
palsy,पालसी
vyaktiyonpar,व्यक्तियोंपर
eksambamadhye,एकसंबामध्ये
mharaval,महारावल
bangarne,बांगरने
jevora,जेवोरा
algavparast,अलगावपरस्त
catamy,कैटमी
sasaktikaran,ससक्तीकरण
nitibhrashtata,नीतिभ्रष्टता
goetti,गोएटी
suvidhaen,सुविधायें
gohalpur,गोहालपुर
banodu,बनोडू
chettur,चेट्टुर
ularthiyathu,उलरतियातु
pustakantun,पुस्तकांतून
eucalyptis,यूकेलिप्टिस
purvonttar,पूर्वोंत्तर
handicrafts,हैंडीक्राफ्ट्स
takgahare,तकगहरे
jejhe,जेझे
advancement,एडवान्स्मेन्ट
kendrad,केन्द्रद
jilaadhikshak,जिलाधीक्षक
beatguards,बीटगार्ड्स
hastantarachahi,हस्तांतराचाही
kajugarachya,काजूगराच्या
kermadek,केर्माडेक
tanduran,तंदुरान
napalam,नापलम
shibkho,शिबखो
bhavnanvar,भावनांवर
familiers,फैमिलियर्स
dhanadhipati,धनाधिपति
ussake,उस्सके
jababdarisuddha,जबाबदारीसुद्धा
bedai,बेदई
medlineplus,मेडलाइनप्लस
vabhaavat,वभावत
vijayanand,विजयानंद
matwari,मटवारी
chashmon,चश्मों
bautista,ब्यूटिस्टा
niche,निचे
ataturk,अतातुर्क
sanahali,सनाहली
khilaadane,खिलाड़ने
tirakade,तिराकडे
berejgar,बेरेजगार
gothiyaon,गोठियाओं
isenbayeva,इसेनबायेवा
madhymo,माध्यमो
palacial,पैलेशियल
nashan,नशन
kolhapurchehi,कोल्हापूरचेही
chunjbala,चुंजबाला
paramparase,परंपरासे
pathrol,पथरोल
kolsch,कोल्स
jatkanhar,जाटकांहार
clinjing,क्लींजिंग
gajwal,गजवाल
busen,बसें
hiramanpur,हिरामनपुर
gunaroopi,गुणरूपी
collaboration,कॉलेबोरेशन
jamatuddava,जमातुद्दावा
nimmakuru,निम्माकुरु
condidate,कंडिडेट
arvc,एआरवीसी
hannain,हन्नैन
kensaku,केनसाकू
matraen,मात्राएंॅ
intercoving,इंटरकविंग
shaleenta,शालीनता
asamayik,असामयिक
natyaprayog,नाट्यप्रयोग
tatistical,टैटिस्टिकल
folkestone,फोल्केस्टोन
ghungrana,घुंगराना
hartlade,हार्टलेड
suvarnamayi,सुवर्णमयी
sakaarne,सकारने
dekhgi,देखगी
anveshansah,अन्वेषणसह
azuba,अज़ूबा
benisio,बेनिसियो
karhu,करहू
kigston,किग्सटन
jiyunga,जियूँगा
jaaine,जाइने
kalemyo,कालेम्योे
sunaayengi,सुनायेंगी
walflower,वालफ्लावर
takhte,तखते
vijetashobha,विजेताशोभा
diverse,डाइवर्स
randattara,रानदाट्टरा
ganeshmurtinkade,गणेशमूर्तींकडे
nedovyesov,नेदोवयेसोव
toket,टोकेट
jomon,जोमोन
diraaya,दिराया
haivaanagi,हैवानगी
photocopys,फोटोकॉपीज
gemopai,जेमोपाई
sangurli,संगुरली
nagamalai,नागमलै
ikaau,इकाऊ
bifaltaon,बिफलताओं
mosaddek,मोसाद्देक
khubu,खूबू
bancon,बैंकॉन
tharoori,थरूरी
duhkheet,दुःखीत
pittu,पिट्टु
demonitise,डिमोनिटाइज
dargaahon,दरगाहों
biras,बिरस
udoongi,उड़ूँगी
lmigr,एलएमआईजीआर
ahmakon,अहमकों
scalerotinia,स्कलेरोटिनिया
thorave,थोरावे
kavra,कवरा
affiliate,एफलिएट
bellstaff,बेलस्टाफ
kabadwal,कबडवाल
hpjs,एचपीजेएस
paigami,पैगामी
exp,एक्सप
spotfix,स्पॉटफिक्स
mechyadarmyan,मेच्यादरम्यान
jalahar,जलाहार
harmonsmadhye,हार्मोन्समध्ये
tamrod,तमरोड़
manovishleshanatmak,मनोविश्लेषणात्मक
durgaprasad,दुर्गप्रसाद
babanee,बबनी
abaddhkar,आबद्धकर
balaun,बलौन
jagadgurum,जगद्गुरुम
parotpeedan,परोत्पीड़न
bashweshwar,बश्वेश्वर
sehanon,सेहनों
holom,होलोम
mickdrop,मिकड्रॉप
rinapatr,ऋणपत्र
nakahi,नकही
grotz,ग्रोट्ज
paryavekshakanchya,पर्यवेक्षकांच्या
cindia,सिंडिया
natmastak,नत्मस्तक
shodhaatach,शोधातच
kendreebhoot,केंद्रीभूत
syllaber,सिलेबर
sivuk,सिवुक
sahishnunta,सहिष्णुनता
sanshodhankriya,संशोधनक्रिया
dehang,देहांग
doorghatanaon,दूर्घटनाओं
gallstones,गॉलस्टोन्स
mahora,महोरा
inflatable,इन्फ्लेटेबल
mpcedc,एमपीसीईडीसी
tizori,तिज़ोरी
oxley,आक्स्ले
benaulim,बेनौलिम
ginning,जीनिंग
niyamvaaliyaan,नियमवालियां
reminiscences,रेमिनिसेंस
grihasthavesh,गृहस्थवेश
tattvonmense,तत्त्वोंमेंसे
antarahi,अंतराही
nematpore,नेमातपोर
sambhala,संभाला
parprant,परप्रांत
dantiwada,दांतीवाड़ा
fracing,फ्रेसिंग
tsipras,त्सिप्रास
semriya,सेमरिया
heroines,हिरोइन्स
jtdc,जेटीडीसी
gyanganj,ज्ञानगंज
warrent,वारंट
aajaayenge,आजाएंगे
nitesh,नीतिश
chamchamaahat,चमचमाहट
expressprayag,एक्सप्रेसप्रयाग
labhanvit,लाभांवित
rehatethe,रहतेथे
largranthi,लारग्रंथी
riboflin,रिबोफ़्लिन
senaram,सेनाराम
frankfrat,फ्रैंकफ्रट
prabharyata,प्रभार्यता
electrorchemical,इलेक्ट्रोरकैमिकल
quintum,क्विंटम
peninnah,पनिन्ना
kittali,कित्तली
erenari,एरेनारी
akio,एकियो
vilasaravanchi,विलासरावांची
centralise,सेंट्रालाइज
dugawan,दुगावन
chogal,चोगल
shirer,शैरर
shikavan,शिकवन
mullanpur,मुलानपुर
dinmanpur,दिनमनपुर
rookhi,रूखी
cryptocounter,क्रिप्टोकाउंटर
grester,ग्रेस्टर
starfull,स्टारफूल
sanyuttaf,संयुत्तफ़
thiruvarur,थिरवरूर
esfarayen,एस्फरायेन
ijat,इजत
hallekhoranmadhye,हल्लेखोरांमध्ये
kachhara,कछारा
teashot,टीशॉट
magarmukhi,मगरमुखी
laundering,लांडरिंग
mohanla,मोहनला
kipurv,किपूर्व
lorak,लोरक
scriptate,स्क्रिप्टेट
rakshawaal,रक्षवाल
tattvonka,तत्त्वोंका
lipirahit,लिपिरहित
nfhs,एनएफएचएस
sassoon,संसुन
terrafloffs,टेराफ्लॉफ्स
sanchchiyay,संच्चियाय
indiatimes,इंडियाटाइम्स
grurpreet,ग्रुरप्रीत
intessa,इंटेसा
gaurkhede,गौरखेडे
saampradyikta,साम्प्रद्यिकता
pragaayi,प्रगायी
valji,वलजी
mugalate,मुगलते
niyamgiri,नियमगिरी
netwakaren,नेटवकरें
lalhet,ललहेट
terapin,टेरापिन
kubja,कुब्ज
sthityantar,स्थित्यंतर
paijanon,पैजनों
chandrala,चंद्राला
aatmaabhiyogi,आत्माभियोगी
bastakia,बस्ताकिया
folder,फोल्डर
yashketu,यशकेतु
tilbhandeshwar,तिलभंडेश्वर
kaangresalaahi,काँग्रेसलाही
ilangakoon,इलंगाकून
chhanauta,छनौता
mahattvakankshene,महत्त्वाकांक्षेने
snehangini,स्नेहगिनी
diwaswapnon,दिवास्वप्नों
bankoda,बनकोड़ा
paushadhshala,पौषधशाला
janmengi,जन्मेंगी
unsct,यूएनएससीटी
labbak,लब्बाक
chatloora,चटलूरा
realdoll,रियलडॉल
pranii,प्रानी
uzan,उज़ान
ugraram,उगराराम
unniso,उन्निसो
balamdei,बलमदेई
ramvilap,रामविलाप
phanasaache,फणसाचे
ballowal,बल्लोवाल
yian,यीआन
jhana,झन्
silenced,साइलेंस्ड
mdou,एमडीओयू
nandkumar,नन्दकुमार
dispenser,डिस्पेंसर
taluvon,तलुवों
vamankarak,वमनकारक
mukundan,मुकुन्दन
khanj,खंज
videochachi,वीडियोचाची
asmadhankrit,असमाधानकृत
ryanair,रेयानएयर
surheli,सुरहेली
sofcd,एसओएफसीडी
padak,पदकों
mafipatra,माफीपत्र
sheshprasad,शेषप्रसाद
kherichouka,खेरीचौका
pakshaatala,पक्षातला
bhotupura,भोटूपुरा
hadreca,हाड्रेका
indroli,इंद्रोली
palsaitila,पल्सेटिला
lalitachya,ललिताच्या
panchdhari,पंचधारी
confuse,कन्फ्यूज़
vyasanagrast,व्यसनग्रस्त
anevala,आनेवाला
pohochava,पोहोचवा
prasaarvaad,प्रसारवाद
jhalokati,झालोकटी
ibuprophen,आईब्यूप्रोफेन
nibatkar,निबटकर
chadhayga,चढ़ाएगा
hulling,हुल्लिंग
gunhegaravaril,गुन्हेगारावरील
uttaap,उत्ताप
possibacillary,पॉसिबेसिलरी
orura,ओरुरा
jcpa,जेसीपीए
anandaben,आनंदबेन
milali,मिलाली
exploring,एक्सप्लोरिंग
bhedchi,भेड़ची
overripe,ओवरराइप
bahujanahit,बहुजनहित
phemeki,फेमेकी
badbuon,बदबुओं
taraflex,टैराफ्लैक्स
jaggubaba,जग्गूबाबा
raammanohar,राममनोहर
attarney,अटार्नी
gholati,घोलती
bhimkundi,भीमकुंडी
bhaaye,भाये
mundra,मृदा
bandaralata,बंदरालता
kinmin,किनमिन
pratikvital,प्रतिक्विटल
kendradhikshak,केंद्रधीक्षक
kuchhuon,कुछुओं
jiskaa,जिसका
chaahlahun,चाहलहुँ
pethan,पेथन
pudina,पुदीना
glycosides,ग्लायकोसाइड्स
ghaghra,घाघरा
diyalah,दियालाह
ekaagrachit,एकाग्रचित
labdhichandrasuriji,लब्धिचंद्रसूरीजी
boyane,बोयने
stillit,स्टिलिट
quickerhomes,क्विकरहोम्स
pathoy,पठोय
pathyacharyatmak,पाठ्यचर्यात्मक
swept,स्वेप्ट
seemayanal,सीमायनल
kshetrafalasathi,क्षेत्रफळासाठी
hindus,हिदू
babadham,बाबाधाम
stathi,स्तथि
memprastut,मेंप्रस्तुत
khechte,खेचते
pushkarani,पुष्करनी
nakkashband,नक्काशबंद
prashaasak,प्रशासक
bhrahmaswarupanand,ब्रह्मस्वरूपानन्द
sediqqi,सिद्दकी
shamanyan,शमनयान
rakhehada,रखेहड़ा
jogondra,जोगोन्द्र
wdr,वेडेआर
dwibedi,द्विबेदी
khatreja,खटरेजा
baanton,बाटों
sandhisudha,संधिसुधा
rectangle,रेक्टेंगल
burjorji,बुर्जोर्जी
seekhaney,सीखने
chainkaayegaae,चैंकाएगाए
salmanbhai,सलमानभाई
nayya,नैया
bhadkumbe,भडकुंबे
saboonia,साबूनिया
soomra,सोमरा
imitiyaz,इमितियाज
pracharsahitya,प्रचारसाहित्य
headstom,हेडस्टॉम
loklokantar,लोकलोकान्तर
bakshu,बक्शु
kotsagar,कोटसागर
harishchandraji,हरिश्चंद्रजी
adhuva,अधुवा
chudadevsinh,चुडादेवसिंह
matsyapuran,मत्सयपुराण
kritarth,कृतार्थ
bhagyaresha,भाग्यरेषा
prasanganmadhye,प्रसंगांमध्ये
hottle,हॉटल
marohi,मरोही
gramdyog,ग्रामद्योग
faiqaa,फैक़ा
pilkan,पिलकन
kudart,कुदरट
harimander,हरिमंदर
shanak,शनक
akashlok,आकाशलोक
parghiya,परघिया
mohniraj,मोहनीराज
melham,मेलहम
dhamaadi,धमाड़ी
apasaathi,अपसाठी
sheshu,शेषू
jemila,जेमिला
shyaamchak,श्यामचक
aurakpil,औरकपिल
amaki,अमकी
crosetine,क्रोसेटिन
bodreloi,बोडरेलोई
yanchyabarobarchya,यांच्याबरोबरच्या
pinault,पिनौल्ट
panchdhar,पंचधार
kanvalaavati,कँवलावती
bandhvesh,बांधवेश
nabis,नबीस
squashes,स्क्वैष
gilkman,गिल्कमैन
rajampeth,राजमपेठ
kamathi,कमाठी
doxycycline,डॉक्सीसाइकलिन
tansi,टीएएनएसआई
panchsadasya,पंचसदस्य
shafuddin,शफुद्दीन
shianyang,शियानयांग
muktamala,मुक्तामाला
gurditta,गुरदित्ता
gingelly,जिंजली
molasses,मोलेसेस
injuries,इंजरीज़
aprayatksh,अप्रयत्क्ष
yorosalam,योरोसलम
gogaon,गोगाँव
benzoate,बैन्जोएट
gwalini,ग्वालिनी
intery,इंट्री
aufaa,औफ़ा
untation,अंटेशन
makdul,मकदूल
krantisinhanchi,क्रांतिसिंहांची
maleksaban,मलेक्षबन
gujwar,गुजवर
sikhavalan,सिखवलन
makkee,मक्की
titnis,टिटनिस
ramniyon,रमणियों
imsd,आईएमएसडी
mahalekhapalankadun,महालेखापालांकडून
ortez,ओर्टेज
sandhivichhed,सन्धिविच्छेद
ethopia,ईथोपिया
padumlal,पदुमलाल
budhaakmaan,बुढ़ाकमान
khemabaji,खेमाबाजी
kalep,कालेप
vanvaason,वनवासों
kodiaq,कोडिएक
mcmullen,मैकमुलेन
nivaarnaat,निवारणात
mpika,म्पिका
fireplaces,फायरप्लेस
bhalkenche,भालकेंचे
yadayya,यादय्या
romantikon,रोमांटिकों
yughnagari,यूनिनागरी
kalibanja,कालीबंजा
mahalakpur,महलकपुर
potasian,पोटेशियन
gifas,जिफास
ganjashakkar,गंजशक्कर
kritbhasha,कृतभाषा
thenthiruthittai,थेनथिरुथिट्टई
uttaardaayi,उत्तारदायी
sudamaji,सुदामाजी
muttala,मुत्तला
katsu,कात्सू
indiryon,इन्दिर्यों
muneshwaram,मुनेश्वरम
sahzadpur,शहजादपुर
pudinayukta,पुदीनायुक्त
drishadriti,दृषदृति
chunaitipurna,चुनैतीपूर्ण
mendhyan,मेंध्यान
shingha,शिन्ग्ह्
certirficate,सर्टिर्फिकेट
hannover,हैनओवर
magnusson,मैग्नसन
khalilov,खलिलोव
yangul,यंगुल
khairbana,खैरबना
jaaengein,जाएंगें
dhulate,ढुलते
phophavalyache,फोफावल्याचे
udhamsinghnagar,ऊधमसिंहनगर
sangrahalaya,संग्राहालय
abrahamic,अब्राहमी
cheiraoba,चैराओबा
bandhujanon,बंधुजनों
tou,टीओयू
shardulji,शार्दूलजी
vidushaki,विदूषकी
sakuchana,सकुचना
shadab,शादब
strontium,स्ट्रॉन्शियम
saathat,साठत
adincha,आदिंचा
kantakpurna,कंटकपूर्ण
vypin,वायपिन
trolleyman,ट्रॉलीमैन
centrally,सेन्ट्रली
ratnayaksh,रत्नयक्ष
rajgonda,राजगोंडा
peepuls,पीपुल्स
vishwapal,विश्वपाल
farmaane,फर्माने
saidoke,सैदोके
grassroot,ग्रासरूट
rotweeler,रॉटवीलर
sattagrahan,सत्ताग्रहण
outsider,आउटसाइडर
manachaha,मनाचाहा
joze,जोज़े
badahaaliyat,बदहालियत
arabina,अरबीना
serima,सेरिमा
tallio,तालियो
ppss,पीपीपीएस
operationo,ऑपरेशनो
ksheenak,क्षीणक
dweshiyon,द्वेषियों
catchfrase,कैचफ्रेज
nagrikansamorach,नागरिकांसमोरच
rankshetrah,रणक्षेत्रः
arreja,अर्रेजा
nanaula,ननौला
murumancha,मुरुमांचा
cddo,सीडीओ
fredica,फ्रेडिका
cohn,कोहेन
sidesh,सिदेश
channarayapatna,चन्नारायपटना
btwin,बीट्वीन
bachhrawan,बछरवां
tibale,तिबले
vitanche,विटांचे
helvetas,हेलवेटास
laabhsaahitya,लाभसाहित्य
vismaan,विस्मान
kevich,केविच
surwase,सुरवासे
senda,सेंडा
delayed,डिलेयड
humaay,हुमाय
muniyarpur,मुनियारपुर
wenbin,वेंबिन
pasaarkar,पसारकर
gheranyacha,घेरण्याचा
aasaniyon,आसानियों
kamidan,कमीदान
fiv,एफआईवी
mangpichhale,मांगपिछले
riaayate,रियायतें
chichauda,चिचौड़ा
dramani,द्रमणि
castingchi,कास्टिंगची
beautnonate,ब्यूटनोनेट
minaria,मिनारिया
lekhaparikshakane,लेखापरीक्षकाने
dhumavati,धूमावती
rakshasgan,राक्षसगण
independency,इंडिपेंडेंसी
dulshan,दुलशान
hukiyu,हुकियू
grihkhaatyaane,गृहखात्याने
amalia,अमालिया
kudchire,कुडचिरे
miftahi,मिफताही
khushahalpur,खुशहालपुर
vaidaain,वैदाइन
dikpradarshan,दिक्प्रदर्शन
unmukhta,उन्मुखता
chandumenan,चंदूमेनन
jangiwada,जंगीवाडा
pratiban,प्रतिबन
vinodaya,विनोदय
laplace,लाप्लेस
prajit,प्रजित
toyeren,टोएरे
jaukhali,जौखाली
dhamkaayega,धमकायेगा
stabdhakaari,स्तब्धकारी
warterfile,वार्टरफाइल
kcmprintmgr,केसीएमप्रिंटमैनेजर
factset,फैक्टसेट
willeth,विलेथ
kepramukhon,केप्रमुखों
solka,सोल्का
jagroopsingh,जगरूपसिंह
jaunsariyon,जौनसारियों
udayanthali,उदयनतली
sansthananche,संस्थानांचे
shakib,शाकिब
agriculturan,एग्रीकल्चरण
stephania,स्टेफ़ानिया
khandagiri,खांडागिरि
misirpur,मिसिरपुर
chhinamastika,छिनमस्तिका
lupton,लुप्टन
alwarthirunagari,अलवार्थिरुनगारी
sadaston,सदस्तों
abhyasathi,अभ्यासाठी
cardex,कारडेक्स
vaishyashala,वैद्यशाला
matmaila,मटमैला
ceres,सिरीस
dhanmein,धनमें
gauravasthali,गौरवस्थली
parchhaaiyaan,परछाईयां
gaathlyaane,गाठल्याने
dapatane,डपटने
dhank,ढँक
vijaisingh,विजयसिंह
racketing,रैकेटिंग
paimare,पैमारे
vanyajeevon,वन्यजीवों
kasenge,कसेंगे
huwag,हुवाग
dhandyache,धंद्याचे
sadasyanchehi,सदस्यांचेही
dorothy,डॉरथी
erlotnib,एर्लोटिनिब
spares,स्पेयर्स
bisri,बिसरी
asalyasandarbhat,असल्यासंदर्भात
keetnasak,कीटनासक
inho,इन्हो
rajyanusar,राज्यनुसार
ritikaal,रीतिकाल
manavtala,मानवतला
ridha,रिधा
thadi,ताडी
rangadih,रंगाडीह
bangaluru,बंगलूरू
warjna,वर्जना
dastgeer,दस्तगीर
vavikram,वविक्रम
anakaani,आनाकानी
vocabulus,वोकाबुलस
prasadchya,प्रसादच्या
shubhabhavarup,शुभभावरूप
ananiyamitataaon,अननियमितताओं
marcus,मार्कुस
paristhityon,परिस्थित्यों
sankalpaja,संकल्पजा
khakholi,खाखोली
gutkhyane,गुटख्याने
ubhyalingi,उभयलिंगी
bronrochitis,ब्रोंरोकाइटिस
yamurti,यमूर्ति
reply,रिप्लाई
uluru,यूलूरू
manavshakti,मानवशक्ति
shahiranchi,शाहिरांची
turkmenia,तुर्क़मेनिया
savorite,सेवोराइट
ferrinela,फेरिनेला
dharmnirpekshatecha,धर्मनिरपेक्षतेचा
legislature,लेजिस्लेचर
dijk,डेजक
aapma,आपमा
nanma,नन्मा
anishtha,अनिष्ठा
kagut,कागुट
arsenal,अर्सेनल
jameshwar,जमेश्वर
emerits,एमेरिट्स
affloxin,एफ्लॉक्सिन
stepnak,स्तेपनाक
townley,टाउनले
kanyalikot,कन्यालीकोट
lagaanaapatni,लगानापत्नी
ethical,एथीकल
rannitikari,रणनीतिकारी
lokachare,लोकाचारे
sanvidhanik,संविधानिक
silvara,सिल्वरा
storme,स्टॉर्मे
jaldevi,जलदेवी
nolpur,नोलपुर
ghisaate,घिसाते
snokiten,स्नोकिटें
upadhyakshanchi,उपाध्यक्षांची
avastvikata,अवास्तविकता
ratanga,रातंगा
pyoog,प्यूग
kaseya,कसेया
balekillyacha,बालेकिल्ल्याचा
shadyantron,षड्यन्त्रों
palin,पैलिन
nanuram,नानुराम
amiyapur,अमीयापुर
prekshagrahon,प्रेक्षाग्रहों
kasarani,कासारानी
ghritadaan,घृतदान
sanskritikdrishtya,सांस्कृतिकदृष्ट्या
pillayarpatti,पिल्लयारपट्टी
thusega,ठूसेगा
premopasak,प्रेमोपासक
hongchhyao,होंगछ्याओ
sathsanchar,साथसंचार
bhumichampa,भूमिचम्पा
alisma,अलिस्मा
coolpix,कूलपिक्स
sanghmitra,संघमित्रा
khatiyaunee,खतियौनी
lalbahaddur,लालबहाद्दुर
raydaas,रैदास
tochlelya,टोचलेल्या
muwakat,मुवाकात
fieldgun,फिल्डगन
chaahamen,चाहमें
tapala,टपाला
saptamee,सप्तमी
kodand,कोदंड
hoar,होअर
vatevarchi,वाटेवरची
aashilipik,आशिलिपिक
lakshmipuram,लक्ष्मीपुरम
asarandaaz,असरअन्दाज़
astronomy,एस्ट्रॉनामी
dikhar,दिखर
khainyar,खैनयार
jhaalyaavarhi,झाल्यावरही
dharmavalamban,धर्मावलम्बन
aabood,आबूद
mylamma,मायलम्मा
umrar,उमरार
karyakramanusar,कार्याक्रमानुसार
pardhani,परधानी
samantkalin,सामंतकालीन
obsession,आब्शेसन
oi,ओआई
bahargaon,बाहरगांव
vannuri,वन्नुरी
morevadichya,मोरेवाडीच्या
janujchya,जानुजच्या
shivrajo,शिवराजो
dabdera,डबडेरा
jatabas,जाटाबास
bhaktisiddhant,भक्तिसिद्धांत
karoane,करोआने
nasrullahpora,नसरल्लापुरा
ajgekar,आजगेकर
comjozit,कम्जोजिट
paharaavo,पहरावो
seasphire,सीसफायर
gurujl,गुरुजल
afsartantra,अफसरतंत्र
tajinderpal,तेजिन्द्रपाल
raveendu,रवीन्दु
manushyasharirmein,मनुष्यशरीरमें
vinayimat,विनयिमत
kurduwadi,कुर्दुवाड़ी
dumbell,डंबेल
dhokaan,ढोकां
jabalurrahma,जबलुर्रहमा
sakriyatan,सक्रियतां
fodtanach,फोडतानाच
daskar,दासकर
dangdehara,डंगडेहरा
novellus,नोवेलस
rashmidhar,रश्मिधर
akkhadpan,अक्खड़पन
rugnavaril,रुग्णावरील
jyas,ज्यास
siodia,सियोदिया
chabaayi,चबायी
dilvaaiye,दिलवाइये
bhambare,भांबारे
jhaakat,झाकत
gheesenge,घीसेंगे
pradipache,प्रदीपचे
unisoo,उनीसू
aakarshati,आकर्षति
ruwari,रुवारी
kaathe,काठे
shramsanskar,श्रमसंस्कार
trarcher,ट्रार्चर
singeri,सिंगेरी
dekhya,देख्य
mesaram,मेसाराम
gahraiyo,गहराइयो
babaramiyan,बबरमियां
natitingou,नैटिटिंगौ
richthofen,रिचथोफन
martandganj,मार्तंडगंज
telaidih,तेलाईडीह
kuchadi,कुचाड़ी
shampl,षम्पल्
vajpeji,वाजपेजी
shikko,शिक्को
bellotti,बेलॉटी
mitnyacha,मिटण्याचा
chauranabbe,चौरानब्बे
theeaur,थीऔर
latkia,लाटकिया
mahapalikeladekhil,महापालिकेलादेखील
mcdermott,मैक्डरमट
daalegi,डालेगी
compactive,कॉम्पैक्टिव
chloramphenicol,क्लोरैम्फेनिकॉल
esc,एससी
murkhistan,मुर्खिस्तान
americawad,अमेरिकावाद
lokuj,लोकुज
sharuvaat,शरुवात
aquino,अकीनो
chavadar,चावदार
dhamapurakar,धामापुराकर
gunakaar,गुणकार
bhattewala,भट्टेवाला
emnabad,एमनाबाद
yojnevarun,योजनेवरुन
goliyonke,गोलियोंके
truckers,ट्रकर्स
kenjari,केंजरी
rifchi,रिफची
cheshtaye,चेष्टाये
karijama,करिजमा
jagajjeta,जगज्जेता
govardhandhanam,गोवर्धनधनम
sanskarjanya,संस्कारजन्य
vairus,वाइरस
gurudongmar,गुरूडोंगमार
siona,सियोना
anyaayochit,अन्यायोचित
gynecological,गायनकोलॉजिकल
chunjar,चुंजर
zezuska,जेज़ुस्का
byorvara,ब्यौरेवार
mehmane,मेहमाने
soidhar,सोईधार
nandghar,नंदघर
sombre,सोंब्रे
pandrawal,पंडरावल
divyavendu,दिव्यवेंदू
perambalu,पेरमबालु
padhaayen,पढ़ाएं
pavewala,पावेवाला
semarhat,सेमरहट
channelisation,चेनेलाइजेशन
jakhwali,जखवाली
kaiyonki,कइयोंकी
drishyachitron,दृश्यचित्रों
farzani,फरजानी
kerna,केरना
parshvasangitkar,पार्श्वसंगीतकार
bantaao,बँटाओ
pradev,प्रदेव
dorje,डोर्जे
buraiyon,बुराइयों
kuyil,कोयल
kilotana,किलोटन
shaybah,शेबा
tadakbaba,ताड़कबाबा
arajaktechi,अराजकतेची
udyoganantar,उद्योगानंतर
veivekananda,विवेकानन्द
toshimitsu,तोशीमित्सू
barra,बर्रा
kabobesh,कबोबेश
jeenamata,जीणमाता
methampethamine,मेथामपेथामाइन
jagadia,जगदिया
punarbantan,पुनर्बंटन
alsatian,अलसैटियन
khudiyawasi,खुडियावासी
tukabai,तुकाबाई
rajtantr,राजतन्त्र
jeevasham,जीवाशम
wengard,वेनगार्ड
bhairakheda,भैराखेड़ा
infrastructurers,इन्फ्रास्ट्रक्चरस
pathrapole,पाथ्रापोल
chapegi,छपेगी
napadhikari,नपाधिकारी
unionpe,यूनियनपे
ikaiyan,इकाइयां
durdana,दुर्दाना
murutraja,मुरूतराजा
paeyaan,पैयांॅ
chijhaami,चिझामी
majesties,मजेस्टीज
ratiyon,रतियों
vriddhidaayak,वृद्धिदायक
dharsen,धारसेन
antardeshiya,अन्तर्देशीय
kodhara,कोधारा
parosenge,परोसेंगे
mahatvakankshaon,महत्वकांक्षाओं
ghangaria,घांगरिया
countia,काउंटिया
surmi,सुरमी
tadapoo,तड़पूँ
vishvastariya,विश्वस्तरीय
ravikrishna,रविकृष्ण
radhani,राधानी
pratyarn,प्रत्यर्ण
weiyun,वेयन
surhafteha,सुरहफतेहा
yanyuan,यानयुआन
greeve,ग्रीव
chandipuja,चण्डीपूजा
musaib,मुसाइब
bandakdhaariyon,बंदकधारियों
pighalne,पिघलने
jameenav,जमीनव
aadisrota,आदिस्रोत
tandi,तांदी
nizamsagar,निज़ामसागर
mfc,एमएफसी
rajinikantan,रजनीकांतन
gizmoz,गिजमोज
gokranti,गोक्रांति
focused,फ़ोकस्ड
chapehar,चपेहर
dorchester,डोर्चेस्टर
calmette,काल्मेटे
devaram,देवाराम
shirdikar,शिर्डीकर
uzaz,उज़ाज़
pratinidyiyon,प्रतिनिद्यियों
raktaane,रक्ताने
panchange,पंचांगे
ashwasnarth,आश्वासनार्थ
shantipradan,शांतिप्रदान
bertka,बर्टका
balamwar,बालमवार
daraila,डरैला
navshikshiton,नवशिक्षितों
balbuddhi,बालबुद्धि
kholgali,खोलगली
praharidurga,प्रहरीदुर्ग
jalja,जलजा
pariparshvon,परिपार्श्वों
dudhgangechya,दूधगंगेच्या
dakunda,दकुंदा
rashtravadeedekheel,राष्ट्रवादीदेखील
undervlard,अंडरव्लर्ड
tahfuzul,तहफुजुल
hordingj,होर्डिंग्ज
kinvadant,किंवदन्त
ektaki,एकटकी
aktarul,अख्तरुल
fasfetik,फास्फेटिक
trayodashi,त्रयोदशी
badridham,बदरीधाम
dusaron,दुसरों
colitus,कोलाइटस
supmarket,सुपमार्केट
laureate,लॉरेट
anthodia,अंत्योदय
samashrayan,समाश्रयण
bhubhuk,भभक
vidgaay,विद्गाय
poush,पौष
gherun,घेरुन
karyakshetrantargat,कार्यक्षेत्रांतर्गत
khusfusaya,खुसफुसाया
todunga,तोड़ूँगा
chaturti,चतुर्ती
ekbhai,एकभाई
shamkor,शमकोर
mamostong,मामोत्सांग
muntajabuddin,मुंतजाबुद्दीन
yojanaon,योजनओं
shetjaminimadhye,शेतजमिनीमध्ये
overrul,ओवररूल
mahayutikadun,महायुतीकडून
vaishvikaransanghvad,वैश्वीकरणसंघवाद
marginalised,मारजिनलाइज्ड
harmontherapy,हार्मोनथेरेपी
chingalansana,चिंगलनसाना
mutassub,मुतास्सुब
sabhadhan,सभाधान
assisi,असिसी
savatra,सावत्र
nirdeshani,निर्देशनी
lagataate,लगताते
pratapnath,प्रतापनाथ
counselling,कौंसलिंग
manvaayi,मनवायी
comprehesson,कम्प्रेहेसन
profiteering,प्रॉफिटीयरिंग
rajwan,राजवान
khushaliram,खुशालीराम
namukh,नमुख
peshawa,पेशावा
bolotra,बालोत्रा
